fname,detected,yolo_conf,box_x1,box_y1,box_x2,box_y2,crop_h,crop_w,seg_input_h,seg_input_w,dice,iou,pixel_accuracy,sensitivity,specificity,t_detect_ms,t_seg_ms,t_total_ms,dice_Background,iou_Background,dice_Retinal Layer,iou_Retinal Layer,dice_PED,iou_PED,dice_SRF,iou_SRF,dice_IRF,iou_IRF,dice_RPE,iou_RPE
2506.png,True,0.3338,4,182,569,226,62,570,64,256,0.634,0.5392,0.9179,0.7347,0.9418,180.61,185.52,443.16,0.9589,0.9211,0.589,0.4174,0.737,0.5835,0.1206,0.0642,0.3985,0.2489,1.0,1.0
1531.png,True,0.8286,0,143,568,317,244,570,192,256,0.7823,0.7504,0.985,0.8033,0.9908,163.96,482.35,721.2,0.9913,0.9828,0.732,0.5773,0.0,0.0,1.0,1.0,0.9704,0.9425,1.0,1.0
103.png,True,0.867,0,121,561,249,180,570,128,256,0.6234,0.5221,0.9536,0.8057,0.9895,164.89,322.09,562.97,0.972,0.9456,0.6597,0.4922,0.9156,0.8444,0.5832,0.4117,0.6097,0.4385,0.0,0.0
1594.png,True,0.4802,237,139,568,274,189,383,128,192,0.845,0.7638,0.9508,0.9351,0.978,165.35,296.31,543.46,0.9738,0.9489,0.6929,0.5301,0.5894,0.4179,0.8139,0.6862,1.0,1.0,1.0,1.0
2881.png,True,0.85,3,80,570,236,218,570,160,256,0.8419,0.7507,0.9719,0.9244,0.9916,162.09,437.6,691.11,0.9833,0.9671,0.6598,0.4923,0.7629,0.6167,0.7111,0.5517,0.9341,0.8764,1.0,1.0
2007.png,True,0.5445,106,200,568,254,76,533,64,256,0.907,0.8581,0.9469,0.9377,0.9722,162.45,184.62,420.1,0.9677,0.9373,0.5904,0.4189,1.0,1.0,1.0,1.0,0.8841,0.7922,1.0,1.0
0.png,True,0.6805,36,0,553,170,204,570,160,256,0.8693,0.8132,0.9791,0.97,0.9843,168.28,408.29,650.6,0.9893,0.9788,0.5108,0.343,0.7158,0.5574,1.0,1.0,1.0,1.0,1.0,1.0
1891.png,True,0.2701,32,10,529,256,305,570,224,256,0.7515,0.7074,0.9893,0.8099,0.9878,164.44,569.33,806.95,0.9945,0.9891,0.6256,0.4551,0.8892,0.8004,0.0,0.0,1.0,1.0,1.0,1.0
1150.png,True,0.6527,0,187,549,287,140,570,96,256,0.762,0.682,0.9656,0.8132,0.9886,166.61,249.05,489.42,0.9822,0.9651,0.756,0.6077,0.8248,0.7018,0.1677,0.0915,0.8413,0.7261,1.0,1.0
2267.png,True,0.7705,1,30,445,182,212,512,160,256,0.8524,0.7719,0.9795,0.8763,0.9612,172.16,405.24,650.28,0.9895,0.9793,0.6691,0.5027,0.7787,0.6376,1.0,1.0,1.0,1.0,0.6772,0.512
2960.png,True,0.7131,0,149,569,260,155,570,128,256,0.6733,0.5751,0.938,0.7895,0.9564,167.38,434.45,674.36,0.9722,0.946,0.7744,0.6319,0.6701,0.5038,0.3158,0.1875,1.0,1.0,0.3069,0.1813
23.png,True,0.3457,82,58,570,204,204,561,160,256,0.8533,0.7951,0.9809,0.9806,0.9836,252.59,552.61,923.06,0.9902,0.9806,0.609,0.4378,0.5209,0.3521,1.0,1.0,1.0,1.0,1.0,1.0
1679.png,True,0.4607,4,178,566,248,98,570,96,256,0.5896,0.5408,0.9586,0.9322,0.973,258.06,351.39,713.67,0.9798,0.9604,0.7168,0.5586,0.0,0.0,0.0,0.0,0.8413,0.7261,1.0,1.0
298.png,True,0.3852,92,57,566,266,293,549,224,256,0.8262,0.7419,0.9823,0.8884,0.9831,254.78,749.57,1107.06,0.9919,0.984,0.7084,0.5484,0.6689,0.5025,0.5882,0.4167,1.0,1.0,1.0,1.0
2879.png,True,0.8807,0,84,570,238,216,570,160,256,0.5368,0.4684,0.9539,0.762,0.9892,247.54,579.59,921.4,0.9729,0.9473,0.7738,0.6311,0.5585,0.3875,0.0,0.0,0.9158,0.8447,0.0,0.0
2814.png,True,0.3606,238,60,567,125,91,381,64,192,0.5965,0.5455,0.8905,0.6098,0.966,255.89,277.55,626.93,0.9269,0.8638,0.0,0.0,0.8533,0.7442,0.0,0.0,0.7987,0.6649,1.0,1.0
658.png,True,0.2732,5,139,404,277,194,464,160,224,0.7966,0.7112,0.9836,0.8795,0.9755,223.13,392.49,713.14,0.9916,0.9833,0.6686,0.5022,0.6181,0.4473,1.0,1.0,0.5015,0.3346,1.0,1.0
726.png,True,0.541,4,55,568,184,181,570,128,256,0.793,0.7674,0.9814,0.9803,0.9803,180.42,319.76,573.99,0.9904,0.9809,0.7679,0.6232,1.0,1.0,0.0,0.0,1.0,1.0,1.0,1.0
864.png,True,0.6163,2,151,568,205,76,570,64,256,0.6611,0.5873,0.9256,0.805,0.9551,162.87,188.9,425.25,0.9592,0.9216,0.7795,0.6386,1.0,1.0,0.0,0.0,0.8384,0.7218,0.3893,0.2417
1086.png,True,0.705,0,111,537,296,259,570,192,256,0.843,0.7603,0.9791,0.9051,0.972,180.79,444.67,697.79,0.9901,0.9805,0.731,0.576,0.6396,0.4701,0.6972,0.5352,1.0,1.0,1.0,1.0
545.png,True,0.6778,1,176,569,233,79,570,64,256,0.9285,0.875,0.9244,0.959,0.9831,167.24,182.81,424.31,0.9462,0.8978,0.821,0.6964,1.0,1.0,0.8357,0.7177,0.9679,0.9378,1.0,1.0
1488.png,False,0.0,0,0,570,380,380,570,256,256,0.876,0.8244,0.9927,0.8787,0.9818,167.08,618.41,869.96,0.9963,0.9926,0.7774,0.6359,1.0,1.0,1.0,1.0,0.4824,0.3178,1.0,1.0
2325.png,True,0.7208,13,204,570,284,112,570,96,256,0.8328,0.7308,0.9413,0.8963,0.9822,179.46,260.0,512.65,0.9704,0.9425,0.7964,0.6617,0.7819,0.6419,0.6802,0.5153,0.7678,0.6231,1.0,1.0
853.png,True,0.7994,11,127,566,221,132,570,96,256,0.8781,0.7913,0.9408,0.9476,0.9858,161.99,255.97,492.87,0.9678,0.9377,0.8242,0.7009,0.8457,0.7327,1.0,1.0,0.8224,0.6984,0.8082,0.6782
2684.png,True,0.7038,0,117,567,196,111,570,96,256,0.9013,0.8407,0.966,0.9554,0.9795,185.6,260.23,536.83,0.9818,0.9642,0.6537,0.4856,1.0,1.0,0.853,0.7437,0.9194,0.8509,1.0,1.0
666.png,True,0.3395,59,155,487,267,156,551,128,256,0.7262,0.6686,0.9607,0.9437,0.9798,169.64,313.92,560.18,0.9807,0.9622,0.6803,0.5155,0.6962,0.534,1.0,1.0,0.0,0.0,1.0,1.0
58.png,True,0.647,1,135,567,253,166,570,128,256,0.9177,0.8596,0.9667,0.9847,0.993,171.7,320.22,576.47,0.981,0.9627,0.7753,0.6331,1.0,1.0,0.8274,0.7056,0.9224,0.8559,1.0,1.0
1388.png,True,0.6071,8,106,425,186,112,488,96,224,0.7925,0.7443,0.9576,0.9783,0.98,167.77,289.0,529.49,0.9779,0.9568,0.5542,0.3833,1.0,1.0,0.2228,0.1254,1.0,1.0,1.0,1.0
848.png,True,0.6457,75,130,565,214,118,569,96,256,0.8582,0.7665,0.9349,0.9545,0.9833,161.57,254.01,487.44,0.9619,0.9267,0.8445,0.7308,0.8815,0.7882,1.0,1.0,0.7597,0.6125,0.7018,0.5405
2913.png,True,0.4376,0,182,368,240,82,423,64,192,0.8263,0.7363,0.912,0.8914,0.9437,162.05,156.99,389.46,0.9504,0.9055,0.6346,0.4647,0.7251,0.5688,0.6475,0.4788,1.0,1.0,1.0,1.0
2692.png,True,0.6317,1,190,566,270,112,570,96,256,0.8815,0.8006,0.9694,0.9448,0.9809,175.83,286.84,37123.45,0.984,0.9685,0.7885,0.6508,0.9077,0.8309,0.7472,0.5965,1.0,1.0,0.8614,0.7566
2934.png,True,0.8664,0,108,568,221,159,570,128,256,0.8487,0.76,0.9548,0.8926,0.9851,167.25,321.81,566.89,0.97,0.9418,0.7644,0.6187,0.6315,0.4614,1.0,1.0,0.9488,0.9026,0.7773,0.6357
2317.png,True,0.7518,0,204,568,281,107,570,96,256,0.7211,0.6474,0.9249,0.7502,0.9586,170.02,280.68,525.3,0.9605,0.924,0.8146,0.6873,0.0,0.0,0.8285,0.7072,0.7228,0.566,1.0,1.0
889.png,True,0.5167,49,150,567,198,68,570,64,256,0.7329,0.6171,0.8808,0.7272,0.963,161.88,186.15,420.62,0.9414,0.8893,0.7737,0.631,0.5685,0.3971,0.6568,0.489,0.4568,0.296,1.0,1.0
634.png,True,0.8057,0,175,569,269,132,570,96,256,0.7713,0.6679,0.9285,0.896,0.9745,165.93,274.5,514.27,0.9608,0.9245,0.4103,0.2581,0.849,0.7377,0.6778,0.5127,0.7298,0.5746,1.0,1.0
458.png,True,0.4734,0,74,561,171,135,570,96,256,0.9024,0.8485,0.9783,0.9797,0.9827,166.28,256.76,498.53,0.9887,0.9776,0.769,0.6246,1.0,1.0,0.6568,0.489,1.0,1.0,1.0,1.0
2449.png,True,0.6046,31,167,568,240,103,570,96,256,0.8289,0.7278,0.9514,0.8947,0.9846,170.35,271.27,515.77,0.9748,0.9508,0.7235,0.5668,0.6537,0.4855,0.7928,0.6568,0.8284,0.707,1.0,1.0
276.png,True,0.5274,0,131,567,188,79,570,64,256,0.7772,0.7351,0.9504,0.8186,0.9685,171.03,189.84,435.53,0.9719,0.9453,0.8446,0.731,1.0,1.0,0.8467,0.7342,0.0,0.0,1.0,1.0
1871.png,True,0.3368,38,238,554,277,55,570,64,256,0.6265,0.5823,0.8547,0.6444,0.9257,173.8,204.27,450.83,0.9103,0.8353,1.0,1.0,0.7593,0.612,0.0894,0.0468,0.0,0.0,1.0,1.0
2087.png,True,0.8688,0,94,570,226,184,570,128,256,0.7202,0.6532,0.9296,0.962,0.9843,165.34,318.96,588.2,0.9583,0.9199,0.7191,0.5614,0.0,0.0,1.0,1.0,0.9526,0.9094,0.6913,0.5282
2419.png,True,0.6523,0,178,570,246,96,570,96,256,0.8749,0.8082,0.9524,0.9736,0.9882,174.49,271.19,525.65,0.9743,0.9499,0.8475,0.7353,1.0,1.0,0.5455,0.375,0.882,0.7888,1.0,1.0
1663.png,True,0.4778,0,168,520,232,90,570,64,256,0.9195,0.8692,0.9713,0.9606,0.9781,172.9,185.71,434.13,0.9847,0.9699,0.7273,0.5715,1.0,1.0,1.0,1.0,0.805,0.6736,1.0,1.0
885.png,True,0.5521,1,142,567,201,83,570,64,256,0.8928,0.8265,0.9515,0.9059,0.9798,164.93,198.41,440.38,0.9709,0.9435,0.8057,0.6746,1.0,1.0,0.9143,0.8422,0.6658,0.499,1.0,1.0
1745.png,True,0.6857,0,175,570,260,119,570,96,256,0.8935,0.8162,0.9486,0.93,0.9841,166.33,257.71,498.03,0.9706,0.9428,0.7984,0.6645,0.8779,0.7824,1.0,1.0,0.9119,0.8381,0.8021,0.6696
971.png,True,0.6728,18,214,569,272,82,570,64,256,0.8991,0.8325,0.9635,0.9276,0.9826,242.68,768.42,1089.15,0.9794,0.9597,0.8182,0.6924,1.0,1.0,0.8757,0.7789,0.7213,0.5641,1.0,1.0
589.png,True,0.46,274,220,568,266,64,340,64,160,0.8088,0.7896,0.9679,0.8253,0.971,162.85,439.78,675.79,0.9863,0.9731,0.8666,0.7646,0.0,0.0,1.0,1.0,1.0,1.0,1.0,1.0
2947.png,True,0.7339,1,155,569,285,182,570,128,256,0.8284,0.7354,0.9605,0.9175,0.9871,372.68,437.57,1459.28,0.979,0.9589,0.7885,0.6508,0.8721,0.7732,0.803,0.6709,1.0,1.0,0.5281,0.3588
185.png,True,0.3615,4,73,436,162,125,501,96,256,0.8009,0.6851,0.9675,0.912,0.9824,293.74,371.65,757.88,0.9829,0.9663,0.6575,0.4898,0.7891,0.6517,0.6418,0.4725,0.8751,0.778,0.8588,0.7526
2764.png,True,0.6145,1,152,567,233,113,570,96,256,0.881,0.8168,0.9431,0.9301,0.9808,240.17,366.52,700.93,0.9632,0.929,0.6021,0.4307,1.0,1.0,0.754,0.6051,0.967,0.9362,1.0,1.0
2841.png,True,0.3825,217,136,372,210,104,201,96,96,0.6844,0.6319,0.7932,0.7703,0.9493,248.79,235.81,582.49,0.9403,0.8873,1.0,1.0,0.0182,0.0092,0.8256,0.703,0.3224,0.1922,1.0,1.0
2617.png,True,0.9062,1,183,570,321,194,570,160,256,0.6473,0.5517,0.9522,0.7559,0.9876,278.3,548.99,926.6,0.9784,0.9576,0.7365,0.5829,0.505,0.3378,0.8852,0.794,0.0,0.0,0.7788,0.6377
641.png,True,0.2828,239,200,569,247,65,381,64,192,0.4973,0.4947,0.9683,0.8284,0.8284,163.9,175.32,412.69,0.9839,0.9683,0.0,0.0,1.0,1.0,0.0,0.0,0.0,0.0,1.0,1.0
2360.png,True,0.5999,1,166,563,269,145,570,128,256,0.6434,0.5812,0.9628,0.8238,0.9855,161.49,321.21,554.18,0.9793,0.9594,0.7002,0.5387,0.0,0.0,0.9078,0.8312,0.2728,0.158,1.0,1.0
2694.png,True,0.7345,0,190,567,268,110,570,96,256,0.8545,0.7644,0.96,0.9368,0.9807,164.72,274.47,513.05,0.9775,0.9561,0.744,0.5924,0.9193,0.8506,0.6939,0.5313,1.0,1.0,0.7921,0.6558
551.png,True,0.6993,2,174,569,235,85,570,64,256,0.9439,0.9026,0.9567,0.9569,0.9884,164.57,184.54,422.66,0.9665,0.9352,0.7807,0.6402,1.0,1.0,0.9473,0.8999,0.9691,0.94,1.0,1.0
1162.png,True,0.7488,0,190,568,308,166,570,128,256,0.8647,0.7897,0.9852,0.9662,0.9839,162.83,333.39,570.21,0.9925,0.985,0.806,0.675,0.7798,0.6391,0.6102,0.439,1.0,1.0,1.0,1.0
1640.png,True,0.6134,0,160,570,235,105,570,96,256,0.6841,0.5982,0.902,0.8737,0.9723,162.5,248.96,483.52,0.9478,0.9008,0.711,0.5516,0.0,0.0,0.7732,0.6302,0.6723,0.5063,1.0,1.0
74.png,True,0.5152,312,89,569,154,91,297,64,160,0.7567,0.7076,0.9711,0.7963,0.9791,166.8,150.22,388.33,0.9845,0.9695,0.8181,0.6922,1.0,1.0,0.0,0.0,0.7375,0.5842,1.0,1.0
6.png,True,0.596,31,1,559,172,206,570,160,256,0.8475,0.7734,0.9789,0.9531,0.9857,158.5,374.5,604.14,0.9895,0.9791,0.5665,0.3952,0.6485,0.4798,1.0,1.0,0.8805,0.7865,1.0,1.0
344.png,True,0.4913,158,119,568,174,77,474,64,224,0.7928,0.7642,0.9293,0.9411,0.9428,168.85,210.29,469.47,0.9598,0.9228,0.0,0.0,0.797,0.6625,1.0,1.0,1.0,1.0,1.0,1.0
760.png,True,0.5855,0,152,568,246,132,570,96,256,0.7389,0.6843,0.9721,0.8056,0.9819,168.5,250.73,493.05,0.9855,0.9714,0.72,0.5626,1.0,1.0,0.7277,0.572,0.0,0.0,1.0,1.0
278.png,True,0.6204,0,131,568,180,69,570,64,256,0.9151,0.8654,0.9651,0.9752,0.9828,161.86,194.73,433.21,0.9808,0.9623,0.8467,0.7342,1.0,1.0,0.6632,0.4961,1.0,1.0,1.0,1.0
532.png,True,0.3631,1,154,567,243,125,570,96,256,0.9141,0.8632,0.9741,0.9491,0.9688,163.18,252.82,488.71,0.9867,0.9738,0.685,0.521,1.0,1.0,0.8127,0.6845,1.0,1.0,1.0,1.0
871.png,True,0.6591,0,152,567,205,75,570,64,256,0.5282,0.4442,0.8846,0.7275,0.9298,171.68,189.27,435.65,0.9334,0.8752,0.8097,0.6803,0.0,0.0,0.0,0.0,0.6854,0.5214,0.7407,0.5882
2081.png,True,0.8907,0,106,568,262,218,570,160,256,0.797,0.7099,0.9432,0.8698,0.9869,165.27,390.51,630.01,0.968,0.938,0.3353,0.2014,0.8371,0.7198,0.8778,0.7823,1.0,1.0,0.764,0.6181
468.png,True,0.3114,25,78,568,254,246,570,192,256,0.7447,0.7157,0.9795,0.9627,0.9708,161.43,452.64,692.21,0.9898,0.9798,0.4782,0.3143,0.0,0.0,1.0,1.0,1.0,1.0,1.0,1.0
873.png,True,0.5262,0,131,569,190,83,570,64,256,0.9675,0.9442,0.971,0.9815,0.9815,161.02,192.41,426.1,0.9842,0.9689,0.8209,0.6962,1.0,1.0,1.0,1.0,1.0,1.0,1.0,1.0
289.png,True,0.3507,126,66,568,265,279,510,192,256,0.8301,0.7631,0.985,0.9555,0.9861,182.91,448.5,705.06,0.9928,0.9858,0.6696,0.5033,0.9078,0.8311,0.4104,0.2582,1.0,1.0,1.0,1.0
2572.png,True,0.7203,0,100,567,210,154,570,128,256,0.969,0.9434,0.99,0.9844,0.9909,172.37,326.65,571.88,0.9947,0.9895,0.8861,0.7955,1.0,1.0,1.0,1.0,0.9335,0.8752,1.0,1.0
1013.png,False,0.0,0,0,570,380,380,570,256,256,0.7036,0.6458,0.9859,0.9698,0.9844,259.8,856.92,1193.49,0.9928,0.9858,0.0,0.0,0.6559,0.488,1.0,1.0,0.5727,0.4012,1.0,1.0
648.png,True,0.8946,0,172,569,286,160,570,128,256,0.806,0.6875,0.9397,0.8693,0.9801,244.64,435.96,777.3,0.9666,0.9353,0.7471,0.5963,0.7458,0.5946,0.7864,0.648,0.6779,0.5127,0.9119,0.8381
775.png,True,0.6583,0,153,569,235,114,570,96,256,0.8711,0.7823,0.9393,0.9573,0.9865,253.17,370.09,742.95,0.9646,0.9315,0.7416,0.5893,0.8391,0.7228,0.8514,0.7412,0.8298,0.7091,1.0,1.0
164.png,True,0.6418,204,116,362,234,166,206,128,96,0.8489,0.7749,0.8732,0.8968,0.9755,252.62,252.7,597.39,0.9157,0.8445,1.0,1.0,0.5181,0.3497,1.0,1.0,0.7095,0.5498,0.9503,0.9053
2162.png,True,0.3522,9,127,473,242,161,543,128,256,0.7239,0.6272,0.936,0.8907,0.9755,247.29,491.28,829.1,0.9643,0.9311,0.2081,0.1161,0.6955,0.5331,0.821,0.6963,0.6545,0.4864,1.0,1.0
627.png,True,0.8952,0,142,558,284,198,570,160,256,0.7886,0.6653,0.9237,0.8702,0.9841,263.57,478.87,836.75,0.955,0.9139,0.6222,0.4516,0.8145,0.6871,0.7278,0.5721,0.7215,0.5643,0.8906,0.8028
887.png,True,0.5086,5,143,568,196,75,570,64,256,0.9015,0.8338,0.9437,0.9419,0.9833,177.67,181.58,443.76,0.9653,0.9329,0.7728,0.6298,1.0,1.0,0.8823,0.7894,0.7885,0.6509,1.0,1.0
1356.png,True,0.8004,24,109,565,213,146,570,128,256,0.8286,0.7406,0.9514,0.8498,0.9881,161.76,311.63,543.47,0.977,0.955,0.7921,0.6558,0.8628,0.7587,0.8663,0.7641,0.4732,0.3099,1.0,1.0
257.png,True,0.5973,249,42,570,272,318,369,224,192,0.8968,0.8708,0.9824,0.9912,0.9912,179.6,447.35,711.21,0.9911,0.9823,0.3899,0.2422,1.0,1.0,1.0,1.0,1.0,1.0,1.0,1.0
1491.png,True,0.7337,1,127,570,217,126,570,96,256,0.9356,0.8962,0.9762,0.9806,0.9878,165.93,277.93,535.85,0.9874,0.9752,0.6975,0.5355,1.0,1.0,1.0,1.0,0.9286,0.8668,1.0,1.0
1223.png,True,0.3969,1,106,569,191,119,570,96,256,0.7404,0.7118,0.9775,0.8162,0.9695,162.72,251.96,486.54,0.9885,0.9773,0.4536,0.2933,1.0,1.0,1.0,1.0,0.0,0.0,1.0,1.0
1579.png,True,0.6956,0,99,568,207,152,570,128,256,0.7097,0.6338,0.9592,0.9262,0.978,170.87,333.19,575.69,0.9783,0.9576,0.7018,0.5406,0.0,0.0,0.8151,0.688,0.763,0.6168,1.0,1.0
239.png,True,0.6732,0,132,570,239,149,570,128,256,0.7707,0.7211,0.953,0.9725,0.9872,161.65,315.03,547.8,0.9694,0.9407,0.8378,0.7208,0.0,0.0,0.8961,0.8118,0.921,0.8535,1.0,1.0
1619.png,True,0.3776,0,67,441,277,294,507,224,256,0.8653,0.8079,0.9851,0.9826,0.987,190.95,546.02,811.55,0.9924,0.9849,0.5358,0.366,0.6633,0.4962,1.0,1.0,1.0,1.0,1.0,1.0
2319.png,True,0.6816,0,206,570,284,110,570,96,256,0.9409,0.8978,0.9592,0.9822,0.9907,162.82,276.19,512.74,0.9766,0.9542,0.8147,0.6874,1.0,1.0,0.854,0.7453,1.0,1.0,1.0,1.0
2678.png,True,0.6776,12,119,570,204,119,570,96,256,0.8572,0.779,0.954,0.9037,0.98,161.88,249.25,482.27,0.9747,0.9506,0.6407,0.4714,1.0,1.0,0.851,0.7406,0.6768,0.5115,1.0,1.0
1551.png,True,0.5779,11,159,568,217,82,570,64,256,0.6912,0.6105,0.9341,0.8027,0.9661,172.92,207.12,453.22,0.9652,0.9328,0.6259,0.4554,0.8039,0.6721,0.7522,0.6028,0.0,0.0,1.0,1.0
931.png,True,0.4089,257,212,569,261,69,360,64,192,0.723,0.6627,0.928,0.898,0.9393,165.56,184.46,422.53,0.9625,0.9276,0.6779,0.5128,0.6979,0.5359,1.0,1.0,0.0,0.0,1.0,1.0
2346.png,True,0.8554,1,129,570,271,198,570,160,256,0.7232,0.6584,0.9724,0.775,0.9895,171.44,407.72,653.73,0.985,0.9705,0.6594,0.4918,0.9305,0.8701,0.764,0.6181,0.0,0.0,1.0,1.0
1300.png,False,0.0,0,0,570,380,380,570,256,256,0.6064,0.5778,0.9942,0.8258,0.9937,161.73,586.97,821.82,0.9977,0.9954,0.0,0.0,0.6407,0.4714,1.0,1.0,0.0,0.0,1.0,1.0
2264.png,True,0.6964,1,26,416,200,235,478,160,224,0.7453,0.6925,0.975,0.9721,0.9872,166.97,382.0,621.11,0.9873,0.9749,0.742,0.5899,0.7422,0.5901,1.0,1.0,1.0,1.0,0.0,0.0
194.png,True,0.5903,0,88,393,161,103,452,96,224,0.5467,0.4297,0.9417,0.8851,0.9644,171.83,276.65,521.61,0.9698,0.9413,0.5728,0.4013,0.6568,0.4889,0.0,0.0,0.608,0.4368,0.4728,0.3095
1309.png,True,0.3767,27,101,567,198,135,570,96,256,0.8876,0.8161,0.968,0.9235,0.9725,242.08,361.9,676.35,0.9836,0.9678,0.7309,0.576,0.763,0.6168,1.0,1.0,0.8481,0.7363,1.0,1.0
2968.png,True,0.4247,2,102,439,243,197,505,160,256,0.7738,0.7318,0.986,0.8016,0.9764,251.81,541.54,882.83,0.9927,0.9856,0.8117,0.6831,0.8385,0.7219,1.0,1.0,1.0,1.0,0.0,0.0
895.png,True,0.4551,0,141,569,195,76,570,64,256,0.9457,0.9055,0.9667,0.9846,0.9884,240.44,262.72,592.62,0.9814,0.9635,0.8172,0.691,1.0,1.0,0.8754,0.7785,1.0,1.0,1.0,1.0
1016.png,True,0.5053,26,184,569,269,119,570,96,256,0.6746,0.6662,0.9631,0.8018,0.9672,260.3,356.57,707.96,0.9812,0.9631,0.0665,0.0344,1.0,1.0,0.0,0.0,1.0,1.0,1.0,1.0
1657.png,True,0.4641,1,173,544,230,79,570,64,256,0.8993,0.8428,0.9637,0.9153,0.9651,239.95,258.89,613.0,0.9807,0.9621,0.7036,0.5427,1.0,1.0,1.0,1.0,0.7116,0.5523,1.0,1.0
1343.png,True,0.4995,0,186,569,281,133,570,96,256,0.5467,0.4861,0.9685,0.5782,0.9476,257.07,394.97,773.91,0.9857,0.9718,0.7648,0.6191,0.4271,0.2716,0.0,0.0,0.1029,0.0542,1.0,1.0
96.png,True,0.7883,1,154,570,253,139,570,96,256,0.6877,0.6004,0.9311,0.7966,0.984,259.13,366.62,723.14,0.9599,0.923,0.6576,0.4899,0.7182,0.5603,0.8398,0.7238,0.9505,0.9057,0.0,0.0
1003.png,True,0.6744,0,107,570,188,113,570,96,256,0.5887,0.5427,0.9748,0.7997,0.9796,168.93,252.87,515.47,0.9876,0.9754,0.6716,0.5056,0.0,0.0,0.8732,0.7749,0.0,0.0,1.0,1.0
1325.png,True,0.4223,32,110,567,198,124,570,96,256,0.9373,0.8957,0.9839,0.9758,0.9904,162.59,261.97,496.47,0.9915,0.9832,0.7453,0.5941,0.8869,0.7967,1.0,1.0,1.0,1.0,1.0,1.0
337.png,True,0.7094,1,94,569,204,154,570,128,256,0.8945,0.8289,0.9651,0.9081,0.9862,170.44,318.02,563.31,0.9808,0.9624,0.7591,0.6117,1.0,1.0,0.9204,0.8526,0.7068,0.5465,1.0,1.0
516.png,True,0.7328,1,90,567,172,114,570,96,256,0.7024,0.6232,0.9304,0.7427,0.9628,162.68,266.03,502.15,0.9622,0.9272,0.6219,0.4513,0.0171,0.0086,0.8105,0.6814,0.803,0.6708,1.0,1.0
203.png,True,0.351,297,97,570,146,69,314,64,160,0.4119,0.3268,0.9493,0.7259,0.9111,165.65,163.67,403.51,0.9735,0.9484,0.0,0.0,0.4454,0.2865,0.6246,0.4541,0.4277,0.272,0.0,0.0
2941.png,True,0.8069,0,135,570,243,152,570,128,256,0.658,0.5694,0.976,0.645,0.9889,161.36,330.82,568.02,0.9857,0.9718,0.7265,0.5705,0.0,0.0,0.6612,0.4939,0.976,0.9532,0.5984,0.4269
2145.png,True,0.6148,183,97,568,249,212,445,160,224,0.935,0.8923,0.985,0.9794,0.9915,165.39,346.55,586.21,0.9924,0.9848,0.741,0.5885,0.8766,0.7803,1.0,1.0,1.0,1.0,1.0,1.0
2066.png,True,0.8283,11,95,570,264,237,570,160,256,0.6374,0.5782,0.9513,0.8206,0.9885,160.06,398.57,629.79,0.975,0.9512,0.0,0.0,0.85,0.7392,0.8716,0.7724,0.1743,0.0955,0.9534,0.911
503.png,True,0.8392,0,93,569,179,120,570,96,256,0.9223,0.8667,0.9599,0.9676,0.9872,162.31,249.23,484.12,0.9759,0.9529,0.7618,0.6152,1.0,1.0,0.8701,0.77,0.9259,0.8619,1.0,1.0
2769.png,True,0.6724,0,142,570,234,128,570,96,256,0.9141,0.8574,0.9669,0.9599,0.9856,181.88,250.73,506.66,0.9809,0.9626,0.725,0.5686,1.0,1.0,0.8267,0.7046,0.952,0.9084,1.0,1.0
1765.png,True,0.714,28,183,567,282,139,570,96,256,0.6796,0.5986,0.8985,0.9047,0.9716,160.44,251.71,486.92,0.9319,0.8724,0.0,0.0,0.5991,0.4277,0.6543,0.4862,0.8923,0.8055,1.0,1.0
2888.png,True,0.8622,7,117,563,222,147,570,128,256,0.5802,0.4846,0.9444,0.719,0.9851,183.23,316.29,577.08,0.9686,0.9391,0.748,0.5975,0.3577,0.2178,0.5132,0.3452,0.8937,0.8079,0.0,0.0
1719.png,True,0.4991,0,194,482,273,111,554,96,256,0.8732,0.7988,0.9602,0.9461,0.9831,167.19,254.31,496.75,0.9783,0.9575,0.6354,0.4657,1.0,1.0,0.8214,0.697,0.8043,0.6726,1.0,1.0
1690.png,True,0.5229,7,205,570,312,149,570,128,256,0.8943,0.8266,0.9662,0.9551,0.9864,165.14,309.23,554.33,0.9816,0.9638,0.6899,0.5266,0.848,0.7361,1.0,1.0,0.846,0.7331,1.0,1.0
1076.png,True,0.7319,2,127,527,299,240,570,192,256,0.9615,0.9368,0.9894,0.9851,0.9851,160.24,497.72,731.37,0.9946,0.9892,0.7742,0.6316,1.0,1.0,1.0,1.0,1.0,1.0,1.0,1.0
2840.png,True,0.4492,204,133,374,212,111,222,96,128,0.6508,0.6031,0.7746,0.685,0.9418,164.07,190.8,429.46,0.9371,0.8817,1.0,1.0,0.1323,0.0709,0.778,0.6366,0.0573,0.0295,1.0,1.0
1285.png,True,0.4729,1,168,570,227,83,570,64,256,0.9643,0.9401,0.9798,0.9807,0.9807,171.43,202.13,446.02,0.9894,0.979,0.7964,0.6617,1.0,1.0,1.0,1.0,1.0,1.0,1.0,1.0
859.png,True,0.7186,36,124,561,216,128,570,96,256,0.7506,0.6912,0.9578,0.9722,0.9857,162.47,297.17,531.4,0.9759,0.9529,0.8387,0.7222,0.0,0.0,1.0,1.0,0.9068,0.8295,0.7822,0.6423
2068.png,True,0.8994,23,102,561,266,230,570,160,256,0.8087,0.7112,0.957,0.8661,0.9902,253.11,544.88,891.76,0.9781,0.9571,0.4188,0.2649,0.8811,0.7875,0.8918,0.8047,0.8171,0.6908,0.8652,0.7625
2933.png,True,0.8568,0,106,569,223,163,570,128,256,0.8445,0.7422,0.9524,0.916,0.9886,238.15,458.26,806.76,0.9693,0.9404,0.8636,0.76,0.8404,0.7248,0.6684,0.5019,0.9206,0.8529,0.8049,0.6735
738.png,True,0.5277,0,146,567,246,140,570,96,256,0.962,0.937,0.9806,0.9791,0.9791,261.14,369.66,732.49,0.9898,0.9799,0.7821,0.6422,1.0,1.0,1.0,1.0,1.0,1.0,1.0,1.0
1654.png,True,0.5823,2,169,567,229,84,570,64,256,0.9205,0.8702,0.9678,0.9258,0.9654,239.25,250.14,580.62,0.9828,0.9662,0.7365,0.5829,1.0,1.0,1.0,1.0,0.8038,0.672,1.0,1.0
319.png,True,0.8279,0,89,570,204,161,570,128,256,0.8542,0.7608,0.9576,0.893,0.9767,250.2,479.06,823.58,0.9776,0.9561,0.7699,0.6259,0.7087,0.5489,0.8122,0.6838,1.0,1.0,0.857,0.7498
2041.png,True,0.4332,1,127,389,240,159,447,128,224,0.7141,0.6437,0.971,0.9276,0.9769,254.27,460.89,810.77,0.9849,0.9703,0.0,0.0,1.0,1.0,0.7506,0.6007,0.6634,0.4963,0.8858,0.795
225.png,True,0.6504,0,166,569,256,126,570,96,256,0.9157,0.8578,0.9687,0.9422,0.9898,165.36,252.78,492.04,0.9818,0.9642,0.7342,0.58,1.0,1.0,0.9172,0.8471,0.8607,0.7555,1.0,1.0
1523.png,True,0.5483,0,170,540,266,134,570,96,256,0.7245,0.6031,0.9322,0.9408,0.9824,184.53,258.84,513.95,0.9626,0.9279,0.5502,0.3795,0.4297,0.2736,0.6953,0.5329,0.785,0.6461,0.924,0.8587
1298.png,True,0.2862,0,218,280,266,68,322,64,160,0.4964,0.4338,0.9123,0.8973,0.9335,174.09,140.05,387.71,0.9554,0.9146,0.4867,0.3216,0.5366,0.3667,0.0,0.0,0.0,0.0,1.0,1.0
1447.png,True,0.7352,0,148,568,250,142,570,96,256,0.925,0.8816,0.9731,0.9783,0.9893,165.79,263.07,501.36,0.9858,0.972,0.6604,0.4929,1.0,1.0,0.9041,0.825,1.0,1.0,1.0,1.0
1399.png,True,0.6039,0,41,484,196,217,557,160,256,0.7038,0.6292,0.9762,0.701,0.973,172.95,373.25,618.55,0.9883,0.9769,0.6375,0.4678,0.0,0.0,1.0,1.0,0.8235,0.7,0.7734,0.6305
1055.png,True,0.8206,9,190,569,296,148,570,128,256,0.7628,0.7144,0.9754,0.9708,0.9939,178.79,312.61,561.34,0.9847,0.9698,0.7461,0.5951,0.0,0.0,0.8735,0.7754,0.9722,0.946,1.0,1.0
2775.png,True,0.6432,0,126,569,216,126,570,96,256,0.9384,0.8927,0.9547,0.96,0.9852,160.26,249.78,480.65,0.9727,0.9469,0.7865,0.6482,1.0,1.0,0.9055,0.8273,0.9656,0.9335,1.0,1.0
2213.png,True,0.5591,0,3,372,228,273,428,192,192,0.7511,0.7006,0.9822,0.9412,0.9805,177.43,400.63,649.63,0.9925,0.985,0.7612,0.6145,0.0,0.0,1.0,1.0,0.7531,0.604,1.0,1.0
712.png,True,0.5812,0,156,568,229,103,570,96,256,0.8255,0.7643,0.9036,0.8958,0.9688,168.07,272.93,513.24,0.9533,0.9108,0.5843,0.4127,1.0,1.0,0.4157,0.2624,1.0,1.0,1.0,1.0
2935.png,True,0.6729,1,155,570,250,133,570,96,256,0.7069,0.6344,0.9683,0.8039,0.9795,170.33,256.31,500.25,0.9831,0.9667,0.7112,0.5519,1.0,1.0,0.6639,0.4969,0.8832,0.7908,0.0,0.0
410.png,True,0.5209,152,172,570,301,181,481,128,224,0.6615,0.6118,0.9758,0.9305,0.945,163.0,304.1,541.6,0.989,0.9783,0.0,0.0,0.6823,0.5178,0.2979,0.175,1.0,1.0,1.0,1.0
1038.png,True,0.7194,19,132,430,286,216,492,160,224,0.7426,0.6787,0.956,0.9621,0.9862,174.23,351.93,600.39,0.9752,0.9517,0.8145,0.6871,0.7835,0.6441,0.0,0.0,1.0,1.0,0.8822,0.7892
399.png,True,0.7562,0,168,564,271,145,570,128,256,0.9287,0.8821,0.982,0.9798,0.9867,161.23,334.8,567.48,0.9906,0.9813,0.8302,0.7097,0.7513,0.6016,1.0,1.0,1.0,1.0,1.0,1.0
2413.png,True,0.6164,1,203,570,280,107,570,96,256,0.8455,0.7879,0.9671,0.9423,0.9819,162.77,245.81,482.3,0.9819,0.9645,0.8304,0.7099,1.0,1.0,0.3445,0.2081,0.9159,0.8449,1.0,1.0
2820.png,True,0.5558,1,67,565,148,113,570,96,256,0.6504,0.5276,0.9127,0.8685,0.9752,181.86,258.03,513.51,0.949,0.903,0.6823,0.5178,0.7905,0.6536,0.5252,0.3561,0.7799,0.6392,0.1752,0.096
1481.png,True,0.4284,3,171,569,223,72,570,64,256,0.9504,0.9206,0.9563,0.968,0.968,163.93,180.16,433.45,0.9763,0.9536,0.7262,0.5701,1.0,1.0,1.0,1.0,1.0,1.0,1.0,1.0
425.png,True,0.6795,2,219,569,334,161,570,128,256,0.9662,0.943,0.9845,0.9797,0.9797,165.73,328.41,564.05,0.9919,0.984,0.8051,0.6738,1.0,1.0,1.0,1.0,1.0,1.0,1.0,1.0
305.png,True,0.642,0,76,570,189,159,570,128,256,0.7287,0.6603,0.963,0.9495,0.9861,165.76,354.14,592.23,0.9836,0.9678,0.7209,0.5636,0.8377,0.7208,0.8301,0.7096,0.0,0.0,1.0,1.0
1119.png,True,0.7165,0,162,570,262,140,570,96,256,0.8728,0.7886,0.9424,0.9193,0.9842,252.95,363.04,719.36,0.9695,0.9409,0.6883,0.5247,0.8539,0.745,0.8229,0.6991,1.0,1.0,0.9024,0.8222
235.png,True,0.5431,1,149,568,243,132,570,96,256,0.9031,0.8346,0.9309,0.962,0.9817,254.64,382.06,730.44,0.9564,0.9164,0.7807,0.6403,1.0,1.0,0.8251,0.7023,0.8563,0.7487,1.0,1.0
2003.png,True,0.5059,144,203,567,251,68,489,64,224,0.5539,0.4928,0.9072,0.7575,0.9343,243.02,292.4,641.49,0.9568,0.9172,0.65,0.4815,1.0,1.0,0.0,0.0,0.7164,0.5582,0.0,0.0
1141.png,True,0.7804,3,187,566,301,160,570,128,256,0.7387,0.6745,0.9723,0.8059,0.9914,255.46,445.23,807.34,0.9858,0.9719,0.7986,0.6647,0.8841,0.7923,0.7639,0.618,0.0,0.0,1.0,1.0
2932.png,True,0.8531,0,108,567,221,159,570,128,256,0.6823,0.5886,0.9315,0.7656,0.9852,248.24,495.85,844.1,0.9553,0.9143,0.7301,0.575,0.0,0.0,0.6992,0.5375,0.9239,0.8586,0.7851,0.6463
2717.png,True,0.506,184,118,568,185,93,444,64,224,0.9406,0.899,0.9732,0.9609,0.9793,261.64,276.29,634.99,0.9854,0.9713,0.7784,0.6372,1.0,1.0,1.0,1.0,0.8799,0.7856,1.0,1.0
2369.png,True,0.6893,1,115,570,188,103,570,96,256,0.6211,0.5593,0.8921,0.9639,0.9771,213.2,253.55,562.95,0.938,0.8833,0.7766,0.6348,0.0,0.0,0.8613,0.7563,1.0,1.0,0.1509,0.0816
1178.png,True,0.6028,1,149,570,201,72,570,64,256,0.7811,0.7406,0.9359,0.8062,0.9774,161.94,201.02,434.73,0.9597,0.9225,0.8427,0.7282,1.0,1.0,0.8845,0.7929,0.0,0.0,1.0,1.0
1386.png,True,0.5372,8,76,418,162,120,480,96,224,0.8242,0.7679,0.975,0.8996,0.9606,164.91,272.18,508.91,0.9874,0.9751,0.4299,0.2738,1.0,1.0,1.0,1.0,0.5276,0.3583,1.0,1.0
349.png,True,0.5865,64,112,526,195,117,570,96,256,0.8805,0.8114,0.9354,0.9662,0.9837,162.97,265.63,501.91,0.9585,0.9203,0.6393,0.4699,0.7505,0.6006,1.0,1.0,0.9348,0.8775,1.0,1.0
2472.png,False,0.0,0,0,570,380,380,570,256,256,0.6775,0.5978,0.9917,0.9092,0.9783,170.93,632.33,875.54,0.9958,0.9917,0.5936,0.422,1.0,1.0,0.0,0.0,0.6905,0.5273,0.7849,0.6459
460.png,True,0.5129,0,76,559,175,139,570,96,256,0.8693,0.7951,0.9764,0.9654,0.9826,163.14,254.0,490.87,0.9877,0.9757,0.7545,0.6058,1.0,1.0,0.6296,0.4595,0.8438,0.7297,1.0,1.0
1903.png,True,0.7029,1,77,470,167,126,540,96,256,0.7239,0.6531,0.9256,0.9584,0.9829,163.5,251.73,487.72,0.9538,0.9117,0.685,0.5209,0.8672,0.7656,0.8376,0.7205,1.0,1.0,0.0,0.0
9.png,True,0.6501,23,0,565,183,220,570,160,256,0.7512,0.7042,0.9813,0.7802,0.971,163.71,561.21,797.67,0.9903,0.9808,0.6542,0.4861,0.8626,0.7583,0.0,0.0,1.0,1.0,1.0,1.0
1047.png,True,0.2944,207,169,568,235,92,417,64,192,0.8606,0.7844,0.9567,0.8941,0.9693,224.18,254.08,717.89,0.9767,0.9545,0.6265,0.4562,1.0,1.0,0.6949,0.5325,0.8655,0.763,1.0,1.0
832.png,True,0.7888,1,159,447,365,262,514,192,256,0.9248,0.8763,0.9792,0.9808,0.9914,224.78,663.67,982.33,0.9891,0.9785,0.757,0.6091,0.8025,0.6702,1.0,1.0,1.0,1.0,1.0,1.0
2866.png,True,0.5244,4,124,489,203,111,562,96,256,0.8558,0.7771,0.9609,0.9502,0.9755,229.84,359.71,701.24,0.9796,0.96,0.6463,0.4775,0.8347,0.7162,0.6742,0.5086,1.0,1.0,1.0,1.0
63.png,True,0.7028,1,119,570,248,181,570,128,256,0.8958,0.8388,0.9712,0.9891,0.9932,218.75,418.46,731.24,0.9837,0.9679,0.5951,0.4236,1.0,1.0,0.8372,0.7201,0.9589,0.921,1.0,1.0
995.png,True,0.7837,0,120,570,204,118,570,96,256,0.6775,0.6103,0.9571,0.9272,0.9846,328.81,553.45,1013.22,0.982,0.9647,0.753,0.6039,0.9013,0.8203,0.4289,0.273,0.0,0.0,1.0,1.0
1951.png,True,0.693,28,173,557,266,131,570,96,256,0.8372,0.7255,0.9282,0.9334,0.9805,499.77,679.51,1549.85,0.9562,0.9161,0.7475,0.5968,0.8492,0.7379,0.8549,0.7466,0.8271,0.7052,0.7882,0.6504
604.png,True,0.7302,0,215,568,284,97,570,96,256,0.9197,0.8631,0.9612,0.9317,0.9873,484.33,555.98,1199.51,0.9749,0.9511,0.7688,0.6244,1.0,1.0,0.942,0.8903,0.8324,0.713,1.0,1.0
2712.png,True,0.4234,117,109,568,172,89,521,64,256,0.8408,0.7958,0.9767,0.8477,0.9782,250.64,256.75,613.75,0.9899,0.98,0.7747,0.6323,1.0,1.0,1.0,1.0,0.28,0.1628,1.0,1.0
2349.png,True,0.8527,0,125,567,270,203,570,160,256,0.7244,0.6559,0.9665,0.7571,0.9912,267.73,558.84,937.68,0.9849,0.9702,0.744,0.5924,0.8889,0.8001,0.7285,0.573,0.0,0.0,1.0,1.0
1754.png,True,0.5753,5,185,569,269,118,570,96,256,0.8476,0.7659,0.9567,0.9194,0.9821,251.86,355.77,704.15,0.9798,0.9604,0.7674,0.6226,0.7341,0.5799,1.0,1.0,0.604,0.4326,1.0,1.0
2632.png,True,0.8241,0,213,569,311,138,570,96,256,0.5262,0.4386,0.9283,0.7931,0.9754,258.58,425.92,776.13,0.972,0.9455,0.7207,0.5633,0.6843,0.5201,0.0475,0.0243,0.7329,0.5783,0.0,0.0
704.png,True,0.7018,1,111,570,238,177,570,128,256,0.8024,0.6794,0.9465,0.8911,0.9834,269.71,420.74,789.08,0.9739,0.9491,0.7598,0.6127,0.7613,0.6146,0.7738,0.631,0.7058,0.5453,0.8398,0.7238
2773.png,True,0.655,0,127,568,213,120,570,96,256,0.9246,0.8683,0.9539,0.9308,0.9842,170.74,251.28,512.6,0.9717,0.9449,0.8109,0.682,1.0,1.0,0.9169,0.8465,0.8483,0.7365,1.0,1.0
1496.png,True,0.6454,0,134,570,215,113,570,96,256,0.9087,0.855,0.9737,0.9354,0.9725,170.39,247.54,490.59,0.9862,0.9728,0.7317,0.5769,1.0,1.0,1.0,1.0,0.7342,0.58,1.0,1.0
1904.png,True,0.7181,1,87,467,183,134,537,96,256,0.5074,0.4256,0.9135,0.9379,0.978,168.57,246.77,499.1,0.9544,0.9128,0.685,0.5209,0.8436,0.7294,0.5615,0.3904,0.0,0.0,0.0,0.0
259.png,True,0.4513,268,50,570,246,274,347,192,160,0.8935,0.8679,0.9794,0.9926,0.9926,163.76,367.29,603.08,0.9895,0.9793,0.3715,0.2281,1.0,1.0,1.0,1.0,1.0,1.0,1.0,1.0
1473.png,True,0.5598,2,184,569,251,93,570,64,256,0.9254,0.8757,0.9572,0.973,0.9846,164.77,186.8,430.24,0.9762,0.9535,0.7929,0.6569,1.0,1.0,0.7834,0.644,1.0,1.0,1.0,1.0
2208.png,True,0.6221,1,16,349,241,286,401,224,192,0.8804,0.823,0.9819,0.9647,0.9877,167.08,460.05,700.98,0.9912,0.9826,0.611,0.4399,0.6804,0.5156,1.0,1.0,1.0,1.0,1.0,1.0
2053.png,True,0.3938,239,64,570,179,161,381,128,192,0.6329,0.6084,0.9508,0.9531,0.9794,161.53,284.0,522.1,0.9765,0.954,0.0,0.0,0.821,0.6963,1.0,1.0,0.0,0.0,1.0,1.0
1161.png,True,0.7351,0,187,569,312,175,570,128,256,0.9096,0.8567,0.9829,0.9644,0.9797,172.48,316.71,566.47,0.9912,0.9826,0.7316,0.5768,1.0,1.0,0.7348,0.5808,1.0,1.0,1.0,1.0
2639.png,True,0.5541,158,167,567,292,175,473,128,224,0.6357,0.5525,0.9412,0.8131,0.9811,166.3,319.45,557.85,0.9685,0.939,0.7552,0.6067,0.6683,0.5018,1.0,1.0,0.4219,0.2673,0.0,0.0
2505.png,True,0.4164,7,168,521,215,65,570,64,256,0.8798,0.8042,0.9301,0.8921,0.9676,180.95,181.84,437.51,0.9575,0.9185,0.7467,0.5958,0.8627,0.7586,1.0,1.0,0.7116,0.5524,1.0,1.0
483.png,True,0.3148,28,138,569,257,167,570,128,256,0.7796,0.7399,0.9724,0.9845,0.9932,168.9,324.61,583.19,0.985,0.9704,0.8209,0.6962,1.0,1.0,0.0,0.0,0.872,0.7731,1.0,1.0
816.png,True,0.4855,0,173,418,241,96,481,96,224,0.4867,0.453,0.9348,0.8153,0.9668,168.45,262.28,508.74,0.9684,0.9387,0.8354,0.7173,0.0,0.0,0.0,0.0,0.1166,0.0619,1.0,1.0
2946.png,True,0.7501,0,148,568,268,168,570,128,256,0.7426,0.6456,0.9585,0.779,0.9777,170.16,349.98,592.04,0.9814,0.9635,0.8287,0.7075,0.396,0.2469,0.7983,0.6643,1.0,1.0,0.451,0.2912
1874.png,True,0.3071,97,230,497,276,64,520,64,256,0.453,0.3819,0.7205,0.4367,0.8813,179.51,194.41,449.59,0.8139,0.6861,0.0,0.0,0.6002,0.4288,0.2898,0.1694,0.0142,0.0072,1.0,1.0
331.png,True,0.778,0,86,569,217,183,570,128,256,0.7141,0.6444,0.9672,0.9452,0.9851,174.81,355.33,609.57,0.9813,0.9633,0.7597,0.6125,0.0,0.0,0.8969,0.8131,0.6466,0.4777,1.0,1.0
510.png,True,0.8316,4,80,568,185,147,570,128,256,0.7494,0.6899,0.9498,0.7691,0.9747,179.44,341.19,600.66,0.9713,0.9443,0.7546,0.6059,0.0,0.0,0.8652,0.7625,0.9053,0.8269,1.0,1.0
753.png,True,0.6717,2,161,557,244,117,570,96,256,0.8424,0.7536,0.9359,0.9421,0.9862,169.12,260.03,512.67,0.9604,0.9238,0.8279,0.7064,0.7278,0.5721,0.5914,0.4199,0.9469,0.8992,1.0,1.0
2839.png,True,0.685,215,132,375,212,112,208,96,96,0.9028,0.8384,0.9226,0.9321,0.9801,201.52,258.45,535.59,0.9487,0.9025,1.0,1.0,0.9362,0.88,0.8214,0.6969,0.7108,0.5513,1.0,1.0
163.png,True,0.5305,212,117,377,240,173,215,128,128,0.8413,0.7644,0.8653,0.9436,0.9738,267.41,307.6,682.1,0.9071,0.8299,1.0,1.0,0.5131,0.3451,1.0,1.0,0.6867,0.5229,0.941,0.8885
1509.png,True,0.6017,0,178,398,255,107,458,96,224,0.7117,0.5854,0.9114,0.8454,0.975,247.87,325.44,666.55,0.9517,0.9079,0.6615,0.4942,0.3362,0.2021,0.8169,0.6905,0.6742,0.5085,0.83,0.7094
1940.png,True,0.5996,0,149,570,218,97,570,96,256,0.7262,0.6573,0.9635,0.9423,0.9808,248.42,363.15,701.31,0.98,0.9608,0.6996,0.538,0.0,0.0,0.8367,0.7192,0.841,0.7257,1.0,1.0
1128.png,True,0.638,0,179,564,253,104,570,96,256,0.6349,0.5358,0.9424,0.6628,0.9774,271.26,356.62,717.05,0.9653,0.933,0.7196,0.5621,0.0,0.0,0.9127,0.8394,0.693,0.5302,0.5188,0.3502
2500.png,True,0.7566,0,149,563,244,133,570,96,256,0.8244,0.737,0.9404,0.8587,0.9643,235.16,379.07,704.85,0.965,0.9324,0.6312,0.4612,0.5608,0.3896,0.8129,0.6848,0.9765,0.9541,1.0,1.0
105.png,True,0.3836,2,138,491,220,114,564,96,256,0.7528,0.7239,0.9904,0.9783,0.9783,256.97,361.82,713.56,0.9951,0.9903,0.5217,0.3529,0.0,0.0,1.0,1.0,1.0,1.0,1.0,1.0
1384.png,True,0.566,1,83,405,171,124,466,96,224,0.8171,0.7386,0.9696,0.9369,0.9861,258.91,233.79,582.93,0.9842,0.9688,0.4328,0.2762,0.7927,0.6565,1.0,1.0,0.6929,0.5301,1.0,1.0
653.png,True,0.4008,55,153,495,269,162,561,128,256,0.8174,0.7304,0.9619,0.875,0.9784,162.82,308.47,548.89,0.9836,0.9678,0.6806,0.5159,0.6153,0.4444,1.0,1.0,0.6248,0.4544,1.0,1.0
572.png,True,0.5897,115,203,568,273,98,523,96,256,0.6804,0.5993,0.9476,0.9418,0.9757,178.4,251.38,500.63,0.9716,0.9448,0.6174,0.4465,0.8268,0.7048,1.0,1.0,0.6667,0.5,0.0,0.0
2585.png,True,0.3174,112,66,381,215,209,349,160,160,0.7745,0.7266,0.9513,0.8142,0.9871,161.39,305.45,541.45,0.9712,0.9441,1.0,1.0,0.0,0.0,0.9009,0.8196,0.8811,0.7874,0.8941,0.8084
256.png,True,0.5857,167,53,570,291,334,463,256,224,0.9477,0.9196,0.9897,0.9857,0.9857,180.41,551.32,808.89,0.9948,0.9896,0.6913,0.5282,1.0,1.0,1.0,1.0,1.0,1.0,1.0,1.0
3013.png,True,0.7605,117,151,568,230,111,521,96,256,0.6628,0.6088,0.8907,0.9087,0.9542,160.79,263.74,499.05,0.9559,0.9156,0.3051,0.18,0.0,0.0,1.0,1.0,0.7155,0.5571,1.0,1.0
827.png,True,0.7663,0,136,405,341,285,466,192,224,0.7328,0.6773,0.9685,0.813,0.9834,159.85,436.12,691.21,0.9847,0.9698,0.745,0.5936,0.6669,0.5002,1.0,1.0,0.0,0.0,1.0,1.0
154.png,True,0.4789,2,125,512,249,174,570,128,256,0.6222,0.5656,0.9527,0.814,0.9815,176.42,309.2,558.73,0.9759,0.953,1.0,1.0,0.8928,0.8063,0.1548,0.0839,0.0,0.0,0.7099,0.5503
1936.png,True,0.4689,12,158,566,216,82,570,64,256,0.7693,0.6956,0.9282,0.8924,0.9546,166.72,182.09,426.57,0.9613,0.9256,0.2097,0.1171,1.0,1.0,0.713,0.554,0.7315,0.5767,1.0,1.0
241.png,True,0.6212,184,55,570,278,313,444,224,224,0.6076,0.5786,0.9889,0.9934,0.9934,183.9,502.41,761.47,0.9944,0.9888,0.6511,0.4827,0.0,0.0,1.0,1.0,1.0,1.0,0.0,0.0
2896.png,True,0.6409,0,161,570,253,128,570,96,256,0.884,0.8149,0.9724,0.8977,0.9822,167.59,263.43,503.19,0.9876,0.9754,0.7347,0.5807,1.0,1.0,0.6866,0.5227,0.8953,0.8105,1.0,1.0
285.png,True,0.4853,1,141,568,190,69,570,64,256,0.7764,0.7347,0.9661,0.9801,0.9861,166.42,182.6,431.66,0.9813,0.9632,0.8158,0.6889,0.0,0.0,0.8611,0.756,1.0,1.0,1.0,1.0
1216.png,True,0.6462,2,118,560,221,145,570,128,256,0.7377,0.6616,0.9209,0.8494,0.9756,167.65,324.22,564.89,0.973,0.9474,0.2756,0.1598,0.7273,0.5714,1.0,1.0,0.4504,0.2907,1.0,1.0
512.png,True,0.713,0,92,568,166,104,570,96,256,0.7353,0.6732,0.9579,0.7764,0.9785,161.85,247.47,480.99,0.9773,0.9556,0.6693,0.503,0.0,0.0,0.8637,0.76,0.9013,0.8204,1.0,1.0
87.png,True,0.9035,0,115,568,250,189,570,128,256,0.8938,0.8206,0.9633,0.9808,0.989,167.55,331.47,574.91,0.9774,0.9558,0.754,0.6051,0.919,0.8502,0.7801,0.6395,0.9322,0.873,1.0,1.0
2487.png,True,0.7885,1,129,568,258,181,570,128,256,0.8169,0.7252,0.9436,0.9551,0.9875,158.46,320.61,556.51,0.9662,0.9347,0.7698,0.6257,0.4965,0.3302,0.7285,0.5729,0.9406,0.8879,1.0,1.0
1327.png,True,0.5074,0,185,561,285,140,570,96,256,0.7299,0.6756,0.9753,0.9785,0.9864,182.33,245.85,504.07,0.9872,0.9748,0.7733,0.6304,0.0,0.0,1.0,1.0,0.619,0.4483,1.0,1.0
1536.png,True,0.6347,1,93,567,190,135,570,96,256,0.7545,0.7009,0.9625,0.78,0.9715,162.68,348.62,581.86,0.9829,0.9665,0.7171,0.559,0.7995,0.666,0.0273,0.0138,1.0,1.0,1.0,1.0
665.png,False,0.0,0,0,570,380,380,570,256,256,0.5939,0.5468,0.9466,0.7872,0.975,248.97,908.45,1259.04,0.9722,0.946,0.7177,0.5597,0.8733,0.7751,0.0,0.0,0.0,0.0,1.0,1.0
1409.png,True,0.5891,1,54,545,192,194,570,160,256,0.8105,0.7062,0.9656,0.8629,0.9776,238.82,588.83,919.43,0.9834,0.9674,0.6383,0.4688,0.8033,0.6713,1.0,1.0,0.6557,0.4877,0.782,0.642
1571.png,True,0.5087,2,111,553,209,138,570,96,256,0.7052,0.627,0.9362,0.7306,0.9612,242.52,347.28,693.13,0.9696,0.9409,0.7171,0.5589,0.0,0.0,0.8131,0.6851,0.7317,0.5769,1.0,1.0
619.png,True,0.574,2,222,569,283,85,570,64,256,0.7291,0.6717,0.9588,0.8018,0.9796,236.52,321.68,654.53,0.9779,0.9567,0.7117,0.5524,1.0,1.0,0.6849,0.5208,0.0,0.0,1.0,1.0
1652.png,True,0.3096,0,191,314,231,56,361,64,192,0.6308,0.5904,0.9528,0.8291,0.9333,248.65,260.3,604.01,0.9754,0.952,0.6895,0.5262,1.0,1.0,0.0,0.0,0.1201,0.0639,1.0,1.0
508.png,True,0.7106,0,91,568,163,100,570,96,256,0.7175,0.6498,0.9556,0.7666,0.975,265.75,268.44,628.98,0.9765,0.9541,0.6126,0.4415,0.0,0.0,0.8461,0.7333,0.8698,0.7697,1.0,1.0
1550.png,True,0.6137,8,156,568,216,84,570,64,256,0.6231,0.5349,0.9195,0.7715,0.961,161.52,178.79,413.92,0.9643,0.9311,0.6008,0.4294,0.473,0.3098,0.7005,0.5391,0.0,0.0,1.0,1.0
102.png,True,0.8672,0,128,565,246,166,570,128,256,0.795,0.6949,0.9548,0.8888,0.9874,185.72,316.01,577.8,0.9746,0.9505,0.658,0.4903,0.9193,0.8506,0.6464,0.4775,0.5719,0.4004,1.0,1.0
2498.png,True,0.6409,1,152,565,245,131,570,96,256,0.8598,0.7739,0.9477,0.9576,0.9856,158.89,238.75,493.59,0.9695,0.9409,0.7686,0.6242,0.6444,0.4753,0.8431,0.7288,0.9329,0.8742,1.0,1.0
2273.png,True,0.7687,1,37,447,182,203,514,160,256,0.538,0.462,0.9795,0.7523,0.9756,166.07,380.25,629.98,0.9904,0.9809,0.6787,0.5136,0.7907,0.6539,0.768,0.6233,0.0,0.0,0.0,0.0
2760.png,True,0.6996,0,124,568,226,142,570,96,256,0.9367,0.8894,0.9659,0.9579,0.9868,159.64,259.36,493.74,0.9785,0.9579,0.8132,0.6852,1.0,1.0,0.8601,0.7546,0.9685,0.9389,1.0,1.0
1417.png,True,0.6365,1,26,550,173,202,570,160,256,0.8171,0.7343,0.9779,0.8617,0.9838,162.42,378.35,613.39,0.9905,0.9812,0.6779,0.5127,0.5038,0.3368,1.0,1.0,0.7304,0.5753,1.0,1.0
30.png,True,0.7756,119,94,568,221,177,518,128,256,0.6068,0.5626,0.9373,0.6494,0.9862,167.32,334.61,576.61,0.9613,0.9254,1.0,1.0,0.0,0.0,0.8103,0.6811,0.0,0.0,0.8694,0.769
2892.png,True,0.6503,1,158,567,251,131,570,96,256,0.8189,0.733,0.9694,0.8383,0.9714,160.92,240.57,472.34,0.985,0.9705,0.7164,0.5582,1.0,1.0,0.5959,0.4244,0.6158,0.4449,1.0,1.0
1324.png,True,0.4113,81,108,562,196,124,561,96,256,0.758,0.7123,0.9813,0.7985,0.9827,187.68,250.57,513.28,0.9902,0.9805,0.6904,0.5272,0.8677,0.7663,1.0,1.0,0.0,0.0,1.0,1.0
1478.png,True,0.6901,1,190,570,265,105,570,96,256,0.7885,0.7551,0.9706,0.8048,0.9915,160.01,239.05,470.01,0.9818,0.9642,0.8086,0.6787,1.0,1.0,0.9406,0.8878,0.0,0.0,1.0,1.0
1495.png,True,0.5864,0,127,570,213,120,570,96,256,0.7601,0.7146,0.9767,0.9677,0.984,182.75,246.48,502.04,0.9879,0.976,0.7035,0.5426,1.0,1.0,1.0,1.0,0.8694,0.769,0.0,0.0
1608.png,True,0.5282,0,54,326,258,286,375,224,192,0.9171,0.8722,0.988,0.9504,0.9791,159.82,438.46,670.28,0.9938,0.9877,0.6262,0.4559,0.8825,0.7897,1.0,1.0,1.0,1.0,1.0,1.0
525.png,True,0.6786,180,197,564,274,107,448,96,224,0.7505,0.6987,0.905,0.7752,0.9704,165.66,258.37,509.08,0.9449,0.8955,1.0,1.0,0.8744,0.7768,0.684,0.5198,0.0,0.0,1.0,1.0
1062.png,True,0.8614,2,155,569,294,195,570,160,256,0.9196,0.8598,0.9461,0.9607,0.9872,161.99,397.88,639.22,0.9631,0.9287,0.8193,0.6939,1.0,1.0,0.8303,0.7098,0.905,0.8264,1.0,1.0
3025.png,True,0.7222,0,62,560,207,203,570,160,256,0.917,0.8661,0.9804,0.9568,0.9751,161.68,374.81,609.39,0.9899,0.9801,0.7337,0.5794,1.0,1.0,0.7781,0.6368,1.0,1.0,1.0,1.0
1071.png,True,0.6768,0,114,512,295,253,570,192,256,0.8421,0.7652,0.9822,0.8566,0.9614,167.18,482.49,728.57,0.9909,0.982,0.7454,0.5941,0.5154,0.3472,0.8009,0.6679,1.0,1.0,1.0,1.0
2245.png,True,0.71,104,134,391,231,135,373,96,192,0.9383,0.8936,0.9218,0.9743,0.9806,166.23,287.92,524.64,0.9496,0.9041,1.0,1.0,0.782,0.642,1.0,1.0,1.0,1.0,0.8984,0.8156
569.png,True,0.3833,152,211,568,276,91,480,64,224,0.7844,0.7562,0.977,0.9765,0.9765,238.33,271.91,604.34,0.9881,0.9764,0.7184,0.5605,1.0,1.0,0.0,0.0,1.0,1.0,1.0,1.0
2322.png,True,0.6871,0,199,568,282,117,570,96,256,0.7895,0.6806,0.9434,0.8284,0.9797,248.37,373.64,726.02,0.976,0.9532,0.7665,0.6214,0.5566,0.3856,0.6971,0.5351,0.7407,0.5882,1.0,1.0
16.png,True,0.3706,1,93,419,200,149,482,128,224,0.915,0.8639,0.9796,0.9588,0.9741,237.84,461.46,790.55,0.9894,0.979,0.7082,0.5482,1.0,1.0,1.0,1.0,0.7924,0.6562,1.0,1.0
2591.png,True,0.8114,102,39,423,212,243,417,192,192,0.9505,0.9089,0.9625,0.9757,0.9906,253.07,547.84,893.39,0.9768,0.9547,1.0,1.0,1.0,1.0,0.9081,0.8316,0.9065,0.8289,0.9117,0.8378
2526.png,True,0.6036,0,187,568,242,77,570,64,256,0.6732,0.6004,0.9186,0.6632,0.9714,253.88,282.15,630.75,0.9389,0.8848,0.7177,0.5597,1.0,1.0,0.9261,0.8624,0.4562,0.2955,0.0,0.0
1326.png,True,0.686,0,190,567,280,126,570,96,256,0.7837,0.7556,0.9825,0.8083,0.9716,245.25,394.38,758.31,0.991,0.9821,0.7111,0.5517,1.0,1.0,1.0,1.0,0.0,0.0,1.0,1.0
2340.png,True,0.4926,3,148,569,233,119,570,96,256,0.9271,0.8843,0.9714,0.9634,0.9826,198.52,245.86,539.76,0.9843,0.9691,0.6679,0.5014,0.9104,0.8355,1.0,1.0,1.0,1.0,1.0,1.0
243.png,True,0.5718,254,46,570,251,287,363,224,192,0.6501,0.5637,0.966,0.9717,0.9898,163.95,428.86,662.93,0.9823,0.9653,0.7113,0.5519,0.6266,0.4563,1.0,1.0,0.0,0.0,0.5802,0.4087
910.png,True,0.8042,0,109,568,184,105,570,96,256,0.9415,0.9,0.9593,0.979,0.9905,162.91,240.78,475.79,0.9755,0.9523,0.7773,0.6357,0.8963,0.8121,1.0,1.0,1.0,1.0,1.0,1.0
867.png,True,0.6113,0,154,567,206,72,570,64,256,0.5976,0.5219,0.9167,0.8484,0.944,176.79,182.73,431.26,0.9539,0.9119,0.8422,0.7273,1.0,1.0,0.0,0.0,0.4118,0.2593,0.3777,0.2328
1336.png,True,0.6604,0,174,570,272,138,570,96,256,0.7952,0.7706,0.9867,0.8145,0.9812,160.31,241.74,477.17,0.9931,0.9864,0.7783,0.637,1.0,1.0,0.0,0.0,1.0,1.0,1.0,1.0
1945.png,True,0.7311,28,191,555,269,110,570,96,256,0.631,0.531,0.8326,0.7586,0.9634,175.45,246.17,491.09,0.9372,0.8818,0.5663,0.395,0.7453,0.594,0.3505,0.2125,0.1865,0.1028,1.0,1.0
1236.png,True,0.5368,0,100,370,188,124,426,96,192,0.8684,0.8159,0.9821,0.9579,0.9753,162.05,201.58,433.14,0.9908,0.9818,0.4543,0.2939,1.0,1.0,1.0,1.0,0.7654,0.6199,1.0,1.0
1040.png,False,0.0,0,0,570,380,380,570,256,256,0.871,0.7973,0.9929,0.9589,0.9802,161.06,614.42,847.48,0.9964,0.9929,0.6648,0.4979,1.0,1.0,0.724,0.5674,0.8408,0.7254,1.0,1.0
711.png,True,0.5092,0,151,569,239,124,570,96,256,0.915,0.8543,0.9669,0.9755,0.9909,161.42,262.83,495.89,0.9822,0.965,0.7984,0.6645,0.8932,0.8071,0.8159,0.6891,1.0,1.0,1.0,1.0
238.png,True,0.7228,0,144,570,238,132,570,96,256,0.9312,0.8782,0.9496,0.9713,0.9866,163.15,254.45,491.03,0.9674,0.9368,0.8147,0.6874,1.0,1.0,0.9101,0.8351,0.8949,0.8098,1.0,1.0
3018.png,True,0.6894,0,63,561,198,189,570,128,256,0.4437,0.4143,0.9781,0.6494,0.9749,162.03,368.33,602.71,0.9896,0.9794,0.6723,0.5064,0.0,0.0,1.0,1.0,0.0,0.0,0.0,0.0
2573.png,True,0.6971,0,102,566,212,154,570,128,256,0.9475,0.9095,0.9808,0.9556,0.9729,162.91,307.14,546.14,0.9898,0.9799,0.7976,0.6634,1.0,1.0,1.0,1.0,0.8973,0.8138,1.0,1.0
1426.png,True,0.7659,17,163,569,275,156,570,128,256,0.8821,0.8097,0.9618,0.9736,0.991,170.65,326.35,573.28,0.9785,0.958,0.7203,0.5628,1.0,1.0,0.8714,0.772,0.7222,0.5651,1.0,1.0
420.png,True,0.7268,27,234,570,333,139,570,96,256,0.8825,0.809,0.9719,0.9399,0.9799,162.35,247.12,483.71,0.9859,0.9722,0.7327,0.5782,0.8234,0.6999,0.7528,0.6036,1.0,1.0,1.0,1.0
1979.png,True,0.8191,12,85,567,185,140,570,96,256,0.7164,0.6498,0.9602,0.962,0.9887,182.65,242.41,501.29,0.977,0.955,0.7644,0.6187,0.0,0.0,0.6288,0.4586,0.9284,0.8664,1.0,1.0
151.png,True,0.5765,163,140,567,247,149,468,128,224,0.4298,0.3875,0.9481,0.9718,0.9853,158.49,278.38,511.88,0.9679,0.9378,0.0,0.0,0.9334,0.8752,0.0,0.0,0.6774,0.5122,0.0,0.0
78.png,True,0.5586,0,66,563,133,93,570,64,256,0.7654,0.7221,0.9768,0.8082,0.9856,175.88,180.68,434.89,0.9877,0.9757,0.7188,0.561,1.0,1.0,0.0,0.0,0.8862,0.7957,1.0,1.0
216.png,True,0.6943,0,147,524,243,134,570,96,256,0.8969,0.8371,0.942,0.9631,0.9849,163.6,243.41,485.78,0.9616,0.926,0.6021,0.4307,1.0,1.0,0.9016,0.8208,0.9159,0.8449,1.0,1.0
846.png,True,0.6474,0,139,563,207,96,570,96,256,0.8258,0.7249,0.9211,0.9108,0.9563,199.85,366.16,638.99,0.9532,0.9106,0.8859,0.7951,0.645,0.4761,1.0,1.0,0.7829,0.6433,0.6879,0.5242
1958.png,True,0.6388,2,217,561,281,90,570,64,256,0.6971,0.6171,0.9017,0.9401,0.9746,247.19,260.15,621.56,0.9382,0.8835,0.6156,0.4446,0.8214,0.697,0.8078,0.6775,0.0,0.0,1.0,1.0
1305.png,True,0.4431,5,112,567,208,134,570,96,256,0.9309,0.8903,0.9821,0.9587,0.9811,236.56,338.42,687.7,0.9904,0.981,0.6766,0.5113,0.9185,0.8493,1.0,1.0,1.0,1.0,1.0,1.0
1832.png,True,0.931,1,123,570,283,224,570,160,256,0.9227,0.8684,0.9678,0.9694,0.9908,269.99,554.29,923.38,0.9795,0.9598,0.7483,0.5978,1.0,1.0,0.8751,0.778,0.9333,0.875,1.0,1.0
1015.png,False,0.0,0,0,570,380,380,570,256,256,0.5903,0.5606,0.9843,0.9876,0.9876,235.17,809.76,1138.69,0.992,0.9842,0.0,0.0,0.0,0.0,1.0,1.0,0.5498,0.3791,1.0,1.0
1721.png,True,0.6262,0,191,491,273,114,565,96,256,0.8973,0.8292,0.9605,0.9309,0.9791,257.49,382.16,731.99,0.9781,0.9571,0.7284,0.5728,1.0,1.0,0.828,0.7065,0.8496,0.7385,1.0,1.0
1484.png,True,0.3705,1,171,568,234,89,570,64,256,0.8971,0.84,0.9579,0.9019,0.9675,233.14,181.39,506.5,0.9775,0.9559,0.6781,0.513,1.0,1.0,1.0,1.0,0.7268,0.5708,1.0,1.0
2736.png,True,0.5193,0,128,559,215,121,570,96,256,0.5406,0.4352,0.9368,0.7271,0.9566,177.97,245.6,499.5,0.9684,0.9387,0.651,0.4826,0.0,0.0,0.5164,0.3481,0.7898,0.6526,0.318,0.1891
162.png,True,0.3193,206,121,379,242,169,225,128,128,0.9254,0.8689,0.9227,0.9703,0.9838,164.83,219.92,458.66,0.9454,0.8965,1.0,1.0,0.8187,0.6931,1.0,1.0,0.8476,0.7354,0.9407,0.8881
86.png,True,0.8943,0,113,567,249,190,570,128,256,0.8688,0.7836,0.9529,0.9404,0.9883,180.07,313.53,564.33,0.9711,0.9438,0.7403,0.5877,0.895,0.81,0.7159,0.5575,0.8904,0.8025,1.0,1.0
2952.png,True,0.7548,0,163,567,274,155,570,128,256,0.525,0.42,0.9567,0.5768,0.9657,159.66,310.2,540.76,0.9794,0.9596,0.7614,0.6148,0.563,0.3918,0.5523,0.3815,0.2936,0.1721,0.0,0.0
2560.png,True,0.464,39,124,569,170,64,570,64,256,0.3869,0.3238,0.8997,0.5972,0.9442,167.25,191.59,436.64,0.9401,0.8869,0.669,0.5026,0.7123,0.5531,0.0,0.0,0.0,0.0,0.0,0.0
1033.png,True,0.4437,164,179,386,260,113,288,96,160,0.9139,0.8598,0.9363,0.9768,0.9811,159.45,207.1,437.08,0.9637,0.9299,1.0,1.0,0.7182,0.5603,1.0,1.0,1.0,1.0,0.8014,0.6686
1954.png,True,0.66,0,166,402,258,128,462,96,224,0.7339,0.6007,0.8792,0.871,0.9692,178.57,262.86,514.53,0.9461,0.8978,0.6783,0.5132,0.5144,0.3462,0.8528,0.7433,0.6233,0.4527,0.7884,0.6507
1091.png,True,0.6282,1,110,564,196,120,570,96,256,0.834,0.7956,0.9798,0.8359,0.9686,159.12,248.37,480.71,0.9897,0.9796,0.8093,0.6797,1.0,1.0,1.0,1.0,0.2053,0.1144,1.0,1.0
1358.png,True,0.4149,0,113,568,190,107,570,96,256,0.952,0.9237,0.9745,0.973,0.973,180.15,256.3,509.54,0.9866,0.9736,0.7251,0.5687,1.0,1.0,1.0,1.0,1.0,1.0,1.0,1.0
703.png,True,0.8104,0,126,569,242,162,570,128,256,0.8836,0.8006,0.9539,0.9688,0.9902,163.02,307.15,548.33,0.9738,0.9489,0.7904,0.6535,0.88,0.7857,0.8097,0.6802,0.8475,0.7353,1.0,1.0
2658.png,True,0.6774,0,159,570,240,113,570,96,256,0.9208,0.8681,0.9646,0.9553,0.9865,182.13,253.19,505.8,0.9794,0.9597,0.7061,0.5457,1.0,1.0,0.9062,0.8286,0.933,0.8745,1.0,1.0
1877.png,True,0.4666,262,156,569,279,173,354,128,160,0.8256,0.7827,0.9682,0.9283,0.9582,162.25,250.84,483.98,0.9841,0.9687,0.2133,0.1194,0.7563,0.6081,1.0,1.0,1.0,1.0,1.0,1.0
1603.png,True,0.4616,182,162,569,279,163,446,128,224,0.8979,0.8306,0.9652,0.965,0.9904,186.25,288.97,549.48,0.981,0.9627,0.7269,0.571,0.8695,0.7691,0.8102,0.6809,1.0,1.0,1.0,1.0
2750.png,True,0.5162,15,177,564,248,99,570,96,256,0.6787,0.5918,0.8843,0.7113,0.9535,163.88,244.18,502.69,0.9352,0.8783,0.0,0.0,0.7712,0.6276,1.0,1.0,0.6143,0.4433,0.7513,0.6016
817.png,True,0.6087,1,181,570,244,89,570,64,256,0.7821,0.7524,0.9621,0.974,0.9766,169.21,179.22,429.86,0.9802,0.9613,0.7123,0.5531,1.0,1.0,0.0,0.0,1.0,1.0,1.0,1.0
540.png,True,0.5262,8,181,567,225,62,570,64,256,0.955,0.919,0.9506,0.9704,0.983,160.05,181.87,416.67,0.9682,0.9384,0.86,0.7544,1.0,1.0,0.9019,0.8213,1.0,1.0,1.0,1.0
1444.png,True,0.6156,0,162,568,255,131,570,96,256,0.9664,0.9431,0.9815,0.9783,0.9783,182.52,251.44,506.97,0.9903,0.9807,0.8079,0.6778,1.0,1.0,1.0,1.0,1.0,1.0,1.0,1.0
417.png,True,0.7536,44,233,569,333,140,570,96,256,0.9617,0.9366,0.9801,0.9816,0.9816,159.9,245.48,477.91,0.9896,0.9793,0.7807,0.6403,1.0,1.0,1.0,1.0,1.0,1.0,1.0,1.0
1256.png,True,0.6564,0,148,567,284,190,570,128,256,0.9338,0.8834,0.9597,0.9772,0.9911,188.64,411.8,675.19,0.9716,0.9448,0.8049,0.6736,1.0,1.0,0.9375,0.8824,0.8886,0.7996,1.0,1.0
623.png,True,0.6122,1,226,570,285,83,570,64,256,0.9384,0.898,0.9607,0.9664,0.9838,245.66,278.06,623.92,0.9755,0.9522,0.7273,0.5714,1.0,1.0,0.9273,0.8645,1.0,1.0,1.0,1.0
2410.png,True,0.8097,0,162,570,263,141,570,96,256,0.9432,0.9105,0.9762,0.9695,0.9922,261.37,346.82,699.03,0.9855,0.9714,0.6935,0.5308,1.0,1.0,1.0,1.0,0.9799,0.9607,1.0,1.0
2089.png,True,0.8828,0,101,569,226,175,570,128,256,0.5624,0.5003,0.942,0.7915,0.9827,259.51,455.19,816.34,0.9656,0.9334,0.6603,0.4929,0.0,0.0,0.0,0.0,0.9625,0.9276,0.7863,0.6479
1563.png,True,0.7111,0,98,568,199,141,570,96,256,0.6761,0.597,0.9564,0.7538,0.9771,260.04,363.94,713.06,0.9782,0.9573,0.5688,0.3974,0.0,0.0,0.839,0.7227,0.6708,0.5047,1.0,1.0
2787.png,True,0.6692,63,90,569,239,209,570,160,256,0.81,0.727,0.9757,0.9102,0.9577,233.9,580.97,905.53,0.9874,0.9751,0.7677,0.6229,1.0,1.0,0.5769,0.4054,0.5282,0.3589,1.0,1.0
875.png,True,0.4987,1,136,568,201,91,570,64,256,0.9171,0.8576,0.9652,0.9462,0.9832,250.81,277.17,627.57,0.9806,0.9619,0.7738,0.6311,1.0,1.0,0.8828,0.7903,0.8654,0.7627,1.0,1.0
2519.png,True,0.3135,0,191,317,242,71,365,64,192,0.9028,0.8355,0.9375,0.9385,0.9765,161.03,188.69,442.64,0.9616,0.926,0.7476,0.5969,1.0,1.0,0.8394,0.7233,0.868,0.7668,1.0,1.0
1385.png,True,0.4506,16,79,424,172,131,485,96,224,0.6375,0.5892,0.9754,0.8919,0.9781,158.79,234.29,468.75,0.9874,0.9751,0.5906,0.4191,0.0,0.0,1.0,1.0,0.247,0.1409,1.0,1.0
2012.png,True,0.7307,104,161,556,257,134,534,96,256,0.7019,0.6382,0.947,0.9293,0.9836,162.29,258.61,493.39,0.9756,0.9523,0.4935,0.3276,0.0,0.0,1.0,1.0,0.8263,0.704,0.916,0.8451
385.png,True,0.6848,3,164,563,266,142,570,96,256,0.8625,0.7853,0.9791,0.8802,0.9779,165.7,257.36,493.34,0.9908,0.9817,0.7351,0.5812,0.6431,0.4739,1.0,1.0,0.8058,0.6748,1.0,1.0
2225.png,True,0.3955,164,180,485,256,106,417,96,192,0.6258,0.5978,0.9357,0.8,0.9765,166.41,246.63,485.87,0.968,0.938,1.0,1.0,0.7868,0.6485,1.0,1.0,0.0,0.0,0.0,0.0
2302.png,True,0.4704,15,186,544,261,105,570,96,256,0.7487,0.6971,0.9639,0.7951,0.979,160.15,251.49,486.36,0.9805,0.9618,0.7011,0.5397,0.8104,0.6812,0.0,0.0,1.0,1.0,1.0,1.0
191.png,True,0.4078,0,87,424,161,104,488,96,224,0.7318,0.6156,0.9279,0.9293,0.9835,162.72,242.55,478.88,0.9625,0.9278,0.6598,0.4924,0.5937,0.4221,1.0,1.0,0.7057,0.5452,0.4691,0.3064
2552.png,True,0.5841,2,118,568,169,71,570,64,256,0.5741,0.5181,0.9169,0.7603,0.9697,164.46,179.85,417.39,0.9477,0.9006,0.6734,0.5076,0.8236,0.7001,0.0,0.0,0.0,0.0,1.0,1.0
576.png,True,0.6377,21,183,569,278,133,570,96,256,0.7066,0.6302,0.9624,0.9696,0.9929,163.91,258.25,520.49,0.9822,0.965,0.7226,0.5657,0.8157,0.6887,1.0,1.0,0.7192,0.5615,0.0,0.0
1712.png,True,0.6429,0,169,568,264,133,570,96,256,0.9504,0.9145,0.975,0.9729,0.989,167.73,255.62,495.67,0.9858,0.9719,0.7929,0.6569,1.0,1.0,1.0,1.0,0.9236,0.8581,1.0,1.0
2044.png,True,0.3414,0,99,284,199,140,327,96,160,0.7048,0.6593,0.9624,0.9496,0.9677,163.91,177.54,413.45,0.9804,0.9615,0.3902,0.2424,0.0,0.0,1.0,1.0,0.8584,0.7519,1.0,1.0
911.png,True,0.8063,0,110,569,186,106,570,96,256,0.813,0.7466,0.9551,0.8373,0.9881,161.58,256.97,492.41,0.9754,0.952,0.6807,0.5159,0.9021,0.8217,0.3196,0.1902,1.0,1.0,1.0,1.0
2478.png,True,0.3293,0,175,288,276,141,331,96,160,0.5809,0.5286,0.9639,0.9249,0.9679,162.22,174.55,408.63,0.9807,0.9621,0.0,0.0,1.0,1.0,0.0,0.0,0.792,0.6557,0.7127,0.5536
1558.png,True,0.3315,133,31,565,274,323,502,224,256,0.7572,0.7093,0.9774,0.92,0.9779,167.5,551.85,798.6,0.9883,0.9768,0.0,0.0,0.833,0.7138,1.0,1.0,1.0,1.0,0.7222,0.5651
2290.png,True,0.5672,0,143,555,281,194,570,160,256,0.9456,0.9091,0.9867,0.9812,0.9912,158.7,390.74,625.56,0.993,0.986,0.7529,0.6038,0.9276,0.8649,1.0,1.0,1.0,1.0,1.0,1.0
550.png,True,0.4084,0,169,568,214,63,570,64,256,0.7994,0.7745,0.9504,0.9717,0.972,162.14,182.05,418.43,0.9729,0.9472,0.8232,0.6996,1.0,1.0,0.0,0.0,1.0,1.0,1.0,1.0
2005.png,True,0.3958,77,202,568,255,75,567,64,256,0.9318,0.8846,0.946,0.9425,0.964,181.77,185.12,440.17,0.9673,0.9367,0.7688,0.6245,1.0,1.0,1.0,1.0,0.8546,0.7462,1.0,1.0
2729.png,True,0.6439,0,134,568,219,119,570,96,256,0.7259,0.6574,0.9692,0.9428,0.9858,163.91,251.18,488.06,0.9869,0.9742,0.8126,0.6843,0.8556,0.7476,1.0,1.0,0.7,0.5385,0.0,0.0
1773.png,True,0.7654,65,203,567,288,119,570,96,256,0.6931,0.6065,0.8748,0.9483,0.9751,159.97,264.7,498.48,0.9203,0.8523,0.0,0.0,0.7251,0.5688,0.7775,0.636,0.7356,0.5818,1.0,1.0
1873.png,True,0.3604,16,238,488,277,55,559,64,256,0.5874,0.5359,0.7497,0.5944,0.8879,202.08,267.45,543.7,0.8574,0.7503,1.0,1.0,0.6033,0.4319,0.0641,0.0331,0.0,0.0,1.0,1.0
2779.png,True,0.6624,0,124,569,218,132,570,96,256,0.9409,0.8967,0.9621,0.967,0.9885,259.61,363.01,728.03,0.9779,0.9568,0.7934,0.6576,1.0,1.0,0.9059,0.8279,0.968,0.938,1.0,1.0
1451.png,True,0.5458,0,161,569,241,112,570,96,256,0.9758,0.9571,0.9847,0.9787,0.9787,236.85,353.42,681.11,0.9919,0.984,0.8627,0.7586,1.0,1.0,1.0,1.0,1.0,1.0,1.0,1.0
302.png,True,0.6354,1,80,559,180,140,570,96,256,0.8925,0.8233,0.9519,0.9368,0.9789,248.3,348.31,692.75,0.9744,0.95,0.6948,0.5323,0.846,0.7331,0.8399,0.7241,1.0,1.0,1.0,1.0
2794.png,True,0.7719,240,99,566,232,187,379,128,192,0.6976,0.6229,0.9787,0.7532,0.9692,266.97,388.67,749.81,0.9903,0.9809,0.7439,0.5923,0.6112,0.4401,1.0,1.0,0.8401,0.7242,0.0,0.0
476.png,True,0.2962,0,46,392,255,293,451,224,224,0.6706,0.6166,0.9753,0.8481,0.9249,245.4,752.16,1087.9,0.9877,0.9757,0.3758,0.2314,0.6599,0.4924,0.0,0.0,1.0,1.0,1.0,1.0
2352.png,True,0.7217,1,134,566,269,189,570,128,256,0.7355,0.6771,0.9723,0.9585,0.9916,253.82,375.54,737.43,0.986,0.9723,0.6454,0.4764,0.9398,0.8864,0.8421,0.7272,0.0,0.0,1.0,1.0
99.png,True,0.8274,0,138,562,247,153,570,128,256,0.8356,0.736,0.9364,0.9305,0.9853,162.29,318.06,553.13,0.9614,0.9257,0.7077,0.5476,0.8371,0.7199,0.6723,0.5064,0.8348,0.7164,1.0,1.0
745.png,True,0.6036,1,177,506,247,98,570,96,256,0.6704,0.6116,0.8902,0.9544,0.9789,179.74,240.9,516.61,0.9391,0.8853,0.8574,0.7503,0.0,0.0,0.3043,0.1794,0.9217,0.8548,1.0,1.0
2324.png,True,0.6452,0,199,569,282,117,570,96,256,0.8641,0.7729,0.9538,0.918,0.9868,163.35,236.83,475.45,0.9763,0.9537,0.84,0.7242,0.8176,0.6915,0.7417,0.5894,0.8088,0.6789,1.0,1.0
1130.png,True,0.6288,1,182,556,256,104,570,96,256,0.8601,0.7843,0.9395,0.9039,0.9763,175.94,241.27,487.21,0.9628,0.9283,0.6275,0.4572,1.0,1.0,0.8961,0.8117,0.6745,0.5089,1.0,1.0
461.png,True,0.5722,0,74,568,174,140,570,96,256,0.5761,0.5225,0.967,0.8042,0.9735,163.59,243.2,480.35,0.9837,0.968,0.7125,0.5534,0.0,0.0,0.7606,0.6137,0.0,0.0,1.0,1.0
1927.png,True,0.5363,51,163,560,212,69,570,64,256,0.783,0.7046,0.8982,0.8626,0.9422,176.08,181.64,434.33,0.939,0.8851,0.4227,0.268,1.0,1.0,0.8709,0.7714,0.4651,0.303,1.0,1.0
2039.png,True,0.4028,0,122,405,241,167,466,128,224,0.3788,0.3012,0.9603,0.7771,0.9633,167.24,316.63,557.26,0.9857,0.9718,0.0,0.0,0.4678,0.3053,0.0,0.0,0.2853,0.1664,0.5337,0.364
2656.png,True,0.6399,0,166,569,243,107,570,96,256,0.7484,0.6872,0.9473,0.7765,0.9765,183.5,244.36,498.86,0.9694,0.9406,0.774,0.6313,0.0,0.0,0.8639,0.7605,0.8832,0.7909,1.0,1.0
374.png,False,0.0,0,0,570,380,380,570,256,256,0.8935,0.8378,0.9889,0.9707,0.9857,159.01,616.63,851.83,0.9944,0.9888,0.6787,0.5137,1.0,1.0,1.0,1.0,0.6878,0.5242,1.0,1.0
1104.png,True,0.6657,0,109,568,209,140,570,96,256,0.7908,0.7642,0.9782,0.8172,0.9781,165.42,243.93,481.26,0.9886,0.9775,0.7562,0.6079,1.0,1.0,1.0,1.0,0.0,0.0,1.0,1.0
12.png,True,0.6565,41,4,568,183,219,570,160,256,0.9084,0.8563,0.9829,0.9615,0.978,159.27,387.92,624.47,0.9912,0.9826,0.6716,0.5055,0.7879,0.65,1.0,1.0,1.0,1.0,1.0,1.0
2958.png,True,0.6958,1,154,561,273,167,570,128,256,0.6913,0.5605,0.9532,0.7274,0.9601,158.16,306.45,540.33,0.9771,0.9551,0.7936,0.6579,0.7647,0.6191,0.5931,0.4215,0.6531,0.4848,0.3666,0.2244
639.png,True,0.4232,82,208,563,254,64,560,64,256,0.6729,0.6139,0.9479,0.8026,0.9546,173.49,172.38,421.62,0.9747,0.9507,0.4465,0.2874,1.0,1.0,0.6164,0.4455,0.0,0.0,1.0,1.0
1715.png,True,0.478,0,183,528,275,128,570,96,256,0.8926,0.8255,0.9575,0.9678,0.987,155.48,240.28,468.91,0.9762,0.9534,0.6768,0.5115,1.0,1.0,0.8043,0.6726,0.8984,0.8156,1.0,1.0
969.png,True,0.6285,3,234,570,289,77,570,64,256,0.9287,0.8811,0.9658,0.9765,0.9835,157.2,192.28,422.35,0.9812,0.9632,0.8305,0.7102,1.0,1.0,0.7601,0.6131,1.0,1.0,1.0,1.0
205.png,True,0.281,325,99,570,147,68,282,64,128,0.6236,0.5416,0.8676,0.8713,0.9635,161.84,136.0,371.3,0.9289,0.8672,0.0,0.0,0.4247,0.2696,1.0,1.0,0.5283,0.359,0.8594,0.7535
357.png,True,0.4506,4,128,559,202,104,570,96,256,0.91,0.8469,0.9384,0.9591,0.9836,158.08,251.43,483.14,0.962,0.9267,0.7949,0.6596,0.7834,0.644,1.0,1.0,0.9195,0.851,1.0,1.0
1613.png,True,0.6216,244,217,567,270,75,374,64,192,0.7584,0.7092,0.9629,0.9628,0.9804,166.72,174.62,414.99,0.9801,0.9609,0.7592,0.6118,0.8112,0.6824,1.0,1.0,0.0,0.0,1.0,1.0
258.png,True,0.5013,189,52,570,291,335,438,256,224,0.8971,0.8712,0.9848,0.9929,0.9929,209.22,797.75,1078.54,0.9923,0.9848,0.3905,0.2426,1.0,1.0,1.0,1.0,1.0,1.0,1.0,1.0
2635.png,False,0.0,0,0,570,380,380,570,256,256,0.5691,0.5143,0.9743,0.7934,0.989,241.39,801.43,1132.38,0.9874,0.9751,0.6885,0.525,0.7385,0.5854,0.0,0.0,0.0,0.0,1.0,1.0
1028.png,True,0.5568,124,129,455,259,182,431,128,224,0.6759,0.596,0.9343,0.9625,0.9848,240.7,426.49,758.37,0.9625,0.9277,0.0,0.0,0.8261,0.7038,0.5281,0.3588,1.0,1.0,0.7388,0.5858
1769.png,True,0.664,14,216,568,286,98,570,96,256,0.7051,0.6262,0.8876,0.9625,0.978,236.37,338.36,687.32,0.9282,0.866,0.0,0.0,0.7278,0.572,0.6924,0.5295,0.8825,0.7897,1.0,1.0
1108.png,True,0.4971,2,210,565,255,63,570,64,256,0.8333,0.7537,0.9196,0.882,0.9771,251.27,268.99,618.1,0.9528,0.9099,0.8056,0.6745,1.0,1.0,0.7769,0.6351,0.4646,0.3026,1.0,1.0
2454.png,True,0.8029,0,174,568,261,121,570,96,256,0.7092,0.6352,0.9437,0.946,0.9806,249.24,377.05,717.4,0.9689,0.9397,0.6556,0.4877,0.7595,0.6122,0.0,0.0,0.8712,0.7718,1.0,1.0
55.png,True,0.6072,1,140,557,252,156,570,128,256,0.7355,0.6716,0.9588,0.797,0.9894,158.55,311.95,543.96,0.9763,0.9537,0.7112,0.5518,1.0,1.0,0.8112,0.6824,0.9141,0.8419,0.0,0.0
1190.png,True,0.6585,0,143,570,213,98,570,96,256,0.9414,0.8994,0.9622,0.9827,0.9905,176.82,245.72,492.77,0.9788,0.9584,0.7884,0.6507,1.0,1.0,0.881,0.7874,1.0,1.0,1.0,1.0
554.png,True,0.6245,0,179,568,240,85,570,64,256,0.9292,0.8752,0.9298,0.9528,0.9824,157.8,178.94,406.61,0.9445,0.8949,0.8002,0.667,1.0,1.0,0.8921,0.8053,0.9384,0.884,1.0,1.0
1455.png,True,0.7731,0,150,570,259,153,570,128,256,0.9487,0.908,0.9686,0.9674,0.992,159.36,321.45,550.72,0.9788,0.9585,0.8268,0.7048,1.0,1.0,0.9469,0.8992,0.9394,0.8857,1.0,1.0
2123.png,True,0.5157,140,208,569,255,65,494,64,224,0.8174,0.7329,0.9085,0.8679,0.9462,155.89,193.17,421.64,0.9468,0.8989,0.5961,0.4246,1.0,1.0,0.8356,0.7177,0.5256,0.3565,1.0,1.0
574.png,True,0.5631,135,182,569,279,135,500,96,256,0.5858,0.5341,0.9495,0.9335,0.9853,159.81,258.59,490.29,0.9786,0.9581,0.7764,0.6345,0.7595,0.6123,1.0,1.0,0.0,0.0,0.0,0.0
2158.png,False,0.0,0,0,570,380,380,570,256,256,0.7072,0.6022,0.9812,0.8326,0.9618,160.01,565.78,796.88,0.9905,0.9811,0.2835,0.1652,0.6248,0.4544,0.6712,0.5052,0.6729,0.5071,1.0,1.0
387.png,True,0.4449,0,159,563,259,140,570,96,256,0.9359,0.892,0.9812,0.9813,0.9907,160.09,242.32,480.45,0.9903,0.9808,0.7806,0.6401,0.8446,0.731,1.0,1.0,1.0,1.0,1.0,1.0
2138.png,True,0.5669,150,94,564,249,217,482,160,224,0.9108,0.8661,0.9823,0.9451,0.9801,160.74,390.33,624.06,0.9908,0.9817,0.5831,0.4115,0.8909,0.8032,1.0,1.0,1.0,1.0,1.0,1.0
892.png,True,0.5317,1,138,567,192,76,570,64,256,0.9354,0.8905,0.9676,0.9839,0.9872,160.69,188.82,421.96,0.9822,0.965,0.8455,0.7324,1.0,1.0,0.7849,0.6459,1.0,1.0,1.0,1.0
2018.png,True,0.4023,93,99,433,188,125,442,96,224,0.5751,0.5083,0.9108,0.9552,0.982,157.99,270.85,501.02,0.9501,0.905,0.0,0.0,0.0,0.0,0.8026,0.6703,0.8517,0.7418,0.8459,0.733
1934.png,True,0.4994,6,156,569,215,83,570,64,256,0.8639,0.7859,0.9531,0.9183,0.9664,161.98,185.03,418.2,0.9751,0.9513,0.6351,0.4654,1.0,1.0,0.7575,0.6097,0.8157,0.6888,1.0,1.0
2439.png,True,0.5734,0,186,569,242,78,570,64,256,0.9177,0.8609,0.9516,0.9548,0.9844,156.44,178.13,403.7,0.9701,0.942,0.73,0.5748,1.0,1.0,0.8745,0.777,0.9315,0.8718,1.0,1.0
1242.png,True,0.5529,1,136,547,227,127,570,96,256,0.7975,0.7732,0.9794,0.9784,0.9784,179.64,244.72,493.97,0.9892,0.9785,0.7957,0.6608,1.0,1.0,0.0,0.0,1.0,1.0,1.0,1.0
1193.png,True,0.8206,1,176,569,254,110,570,96,256,0.9401,0.8934,0.9647,0.9675,0.9882,163.57,242.74,476.6,0.9795,0.9599,0.8514,0.7412,1.0,1.0,0.8557,0.7478,0.9538,0.9116,1.0,1.0
491.png,True,0.6251,1,165,570,265,140,570,96,256,0.8849,0.8335,0.9794,0.985,0.9862,176.41,243.88,497.53,0.9893,0.9787,0.8086,0.6787,1.0,1.0,0.5115,0.3436,1.0,1.0,1.0,1.0
1362.png,True,0.6711,3,118,570,222,146,570,128,256,0.8879,0.8083,0.9627,0.9292,0.9862,158.63,314.08,543.93,0.9798,0.9605,0.7893,0.652,0.9058,0.8278,0.8516,0.7416,0.8008,0.6678,1.0,1.0
1501.png,True,0.7064,1,129,570,215,120,570,96,256,0.9564,0.9246,0.9815,0.9827,0.9896,161.64,243.15,501.12,0.9901,0.9803,0.8028,0.6706,1.0,1.0,1.0,1.0,0.9457,0.897,1.0,1.0
1631.png,True,0.6384,0,159,568,226,93,570,64,256,0.8577,0.7725,0.886,0.8946,0.9629,164.47,179.39,419.37,0.924,0.8587,0.6504,0.4819,1.0,1.0,0.7894,0.6521,0.7823,0.6425,1.0,1.0
2622.png,True,0.8257,0,219,568,322,145,570,128,256,0.8266,0.7332,0.9561,0.8924,0.9826,283.14,444.08,844.39,0.9765,0.9541,0.552,0.3812,0.896,0.8115,0.7135,0.5545,0.8219,0.6977,1.0,1.0
1357.png,True,0.7375,2,110,567,221,155,570,128,256,0.8268,0.7356,0.9473,0.8585,0.9869,245.04,458.58,797.6,0.9778,0.9565,0.7801,0.6395,0.8348,0.7165,0.8694,0.769,0.4986,0.3321,1.0,1.0
2754.png,True,0.5508,118,162,548,240,110,516,96,256,0.5378,0.4627,0.8998,0.9166,0.9697,242.22,363.29,697.34,0.941,0.8885,0.0,0.0,0.8211,0.6965,0.0,0.0,0.8663,0.7641,0.5987,0.4273
1056.png,True,0.8391,5,184,570,300,162,570,128,256,0.9267,0.8766,0.9757,0.978,0.9944,243.29,442.08,775.67,0.9848,0.9701,0.7488,0.5985,1.0,1.0,0.856,0.7483,0.9705,0.9427,1.0,1.0
418.png,True,0.783,44,234,570,334,140,570,96,256,0.8652,0.7863,0.9701,0.9093,0.9807,251.31,371.79,713.49,0.9856,0.9715,0.7001,0.5386,0.7714,0.6278,0.7339,0.5797,1.0,1.0,1.0,1.0
628.png,True,0.8845,1,131,560,279,208,570,160,256,0.8084,0.6918,0.9339,0.8588,0.9835,247.35,620.54,962.13,0.9635,0.9295,0.6287,0.4585,0.8475,0.7354,0.8132,0.6852,0.7269,0.5709,0.871,0.7715
1433.png,True,0.7609,17,176,569,273,135,570,96,256,0.9161,0.8572,0.964,0.9722,0.9909,162.8,248.16,488.73,0.979,0.9589,0.7492,0.5989,1.0,1.0,0.872,0.773,0.8963,0.8121,1.0,1.0
1502.png,True,0.6983,1,128,570,215,121,570,96,256,0.9514,0.917,0.9787,0.9582,0.9773,173.46,241.55,489.1,0.9886,0.9774,0.7846,0.6456,1.0,1.0,1.0,1.0,0.9355,0.8788,1.0,1.0
1697.png,True,0.7325,74,205,569,310,147,570,128,256,0.8412,0.7506,0.9549,0.9373,0.983,163.56,304.04,538.31,0.976,0.9531,0.8178,0.6917,0.914,0.8416,1.0,1.0,0.5904,0.4188,0.7489,0.5986
1857.png,True,0.5983,195,203,570,248,63,431,64,224,0.5524,0.5157,0.8467,0.9526,0.9656,173.66,167.47,412.37,0.9163,0.8455,0.3983,0.2487,1.0,1.0,0.0,0.0,0.0,0.0,1.0,1.0
2661.png,True,0.6745,0,165,570,243,110,570,96,256,0.917,0.858,0.9589,0.9491,0.9821,158.67,250.12,479.92,0.9767,0.9545,0.7703,0.6264,1.0,1.0,0.8402,0.7245,0.9147,0.8428,1.0,1.0
2297.png,True,0.4307,1,130,490,270,196,563,160,256,0.6955,0.6177,0.9783,0.9484,0.9894,175.27,369.61,621.96,0.99,0.9802,0.6813,0.5167,0.0,0.0,0.6928,0.53,0.8089,0.6791,1.0,1.0
70.png,True,0.2961,194,133,568,224,127,432,96,224,0.8734,0.8063,0.9489,0.9357,0.9812,163.32,219.08,451.65,0.9691,0.94,0.5375,0.3675,1.0,1.0,0.879,0.7841,0.8547,0.7463,1.0,1.0
1479.png,True,0.7273,0,186,570,268,114,570,96,256,0.7939,0.764,0.9746,0.8139,0.9919,175.51,241.55,487.59,0.984,0.9684,0.823,0.6992,1.0,1.0,0.9565,0.9166,0.0,0.0,1.0,1.0
1311.png,True,0.5249,66,106,568,193,121,570,96,256,0.89,0.8221,0.972,0.9081,0.9775,166.0,239.53,477.57,0.9863,0.9729,0.6952,0.5328,0.8925,0.8058,1.0,1.0,0.7661,0.6209,1.0,1.0
14.png,True,0.3369,0,83,462,198,161,531,128,256,0.7407,0.6872,0.9809,0.95,0.9781,179.49,308.07,561.82,0.9901,0.9804,0.7452,0.5939,1.0,1.0,0.0,0.0,0.7089,0.549,1.0,1.0
874.png,True,0.3796,15,134,568,199,91,570,64,256,0.8321,0.765,0.9528,0.8478,0.9608,161.16,173.76,408.59,0.9739,0.949,0.7777,0.6362,1.0,1.0,0.8786,0.7834,0.3623,0.2212,1.0,1.0
2151.png,True,0.4732,28,127,513,270,201,570,160,256,0.5619,0.4847,0.9107,0.7236,0.9793,180.84,376.12,629.3,0.9672,0.9366,0.1211,0.0645,0.8513,0.7412,0.8793,0.7846,0.0,0.0,0.5523,0.3815
222.png,True,0.5853,1,172,530,248,106,570,96,256,0.9177,0.8605,0.9487,0.9496,0.9844,159.1,243.14,491.46,0.9674,0.9368,0.7308,0.5758,1.0,1.0,0.8918,0.8047,0.9165,0.8458,1.0,1.0
42.png,True,0.7198,179,103,558,223,168,448,128,224,0.5895,0.5376,0.9285,0.645,0.9843,156.33,279.51,511.46,0.957,0.9175,1.0,1.0,0.0,0.0,0.8212,0.6967,0.0,0.0,0.7588,0.6113
1740.png,True,0.6769,3,179,568,268,125,570,96,256,0.9081,0.8457,0.9573,0.9514,0.9817,157.77,248.89,477.08,0.9751,0.9514,0.7369,0.5834,0.8285,0.7073,1.0,1.0,0.9083,0.832,1.0,1.0
1767.png,True,0.7182,53,176,566,291,161,570,128,256,0.8925,0.8178,0.898,0.943,0.9776,159.71,309.04,540.11,0.9289,0.8673,1.0,1.0,0.7715,0.628,0.8102,0.6809,0.8444,0.7308,1.0,1.0
1797.png,False,0.0,0,0,570,380,380,570,256,256,0.5892,0.5423,0.9881,0.9358,0.9753,161.03,584.36,816.31,0.9941,0.9882,0.6955,0.5331,0.8457,0.7327,1.0,1.0,0.0,0.0,0.0,0.0
764.png,True,0.7961,1,129,568,232,145,570,128,256,0.8927,0.8165,0.9445,0.9483,0.984,157.2,304.29,531.69,0.9663,0.9348,0.7417,0.5895,0.8376,0.7206,0.9004,0.8188,0.9103,0.8354,1.0,1.0
441.png,True,0.3848,2,79,567,177,138,570,96,256,0.789,0.6831,0.9704,0.8838,0.9805,275.28,352.51,714.57,0.9846,0.9697,0.7161,0.5578,0.8079,0.6778,0.6952,0.5328,0.5302,0.3608,1.0,1.0
106.png,True,0.3331,0,148,419,236,124,482,96,224,0.7439,0.7137,0.9667,0.9944,0.9944,246.57,338.37,671.6,0.9829,0.9663,0.0,0.0,0.4802,0.316,1.0,1.0,1.0,1.0,1.0,1.0
362.png,True,0.5898,138,125,568,183,82,496,64,224,0.8376,0.7437,0.9494,0.945,0.9815,233.03,231.58,552.79,0.9694,0.9406,0.7047,0.5441,0.916,0.8451,0.6364,0.4667,0.7993,0.6657,1.0,1.0
1186.png,True,0.6453,0,150,570,214,90,570,64,256,0.9365,0.8918,0.9692,0.9782,0.9845,254.98,249.34,593.71,0.9832,0.967,0.8103,0.6811,1.0,1.0,0.8256,0.7029,1.0,1.0,1.0,1.0
1129.png,True,0.4636,3,218,566,264,64,570,64,256,0.8839,0.8101,0.9505,0.9372,0.9766,252.11,254.89,596.6,0.9725,0.9465,0.7336,0.5793,1.0,1.0,0.7505,0.6006,0.8466,0.734,1.0,1.0
890.png,True,0.4785,3,146,568,197,71,570,64,256,0.7752,0.657,0.8823,0.82,0.9678,234.98,247.34,585.75,0.9366,0.8808,0.6981,0.5362,0.74,0.5874,0.6452,0.4763,0.6313,0.4612,1.0,1.0
2567.png,True,0.7696,1,98,568,215,163,570,128,256,0.9567,0.925,0.9859,0.9719,0.9806,250.06,475.73,833.69,0.9927,0.9854,0.8069,0.6762,1.0,1.0,1.0,1.0,0.9409,0.8884,1.0,1.0
1029.png,True,0.5025,118,131,454,262,183,436,128,224,0.6861,0.6007,0.9184,0.9629,0.9837,271.11,292.64,656.73,0.9528,0.9098,1.0,1.0,0.7135,0.5546,0.756,0.6077,0.0,0.0,0.6945,0.5319
2494.png,True,0.4372,0,165,566,242,107,570,96,256,0.7194,0.6479,0.953,0.9405,0.9785,161.34,241.64,487.44,0.974,0.9494,0.6988,0.537,0.0,0.0,0.7729,0.6298,0.8706,0.7709,1.0,1.0
1813.png,True,0.251,0,164,423,217,75,486,64,224,0.2388,0.2039,0.8244,0.6311,0.9183,160.52,170.17,402.15,0.95,0.9048,0.483,0.3184,0.0,0.0,0.0,0.0,0.0,0.0,0.0,0.0
218.png,True,0.6408,0,153,535,245,128,570,96,256,0.9029,0.8409,0.9412,0.9571,0.9848,175.76,240.3,490.11,0.962,0.9268,0.665,0.4981,1.0,1.0,0.8857,0.7949,0.9045,0.8256,1.0,1.0
199.png,True,0.3102,1,94,415,154,84,477,64,224,0.4432,0.412,0.9542,0.9813,0.9814,158.11,165.08,398.84,0.9762,0.9535,0.683,0.5186,0.0,0.0,1.0,1.0,0.0,0.0,0.0,0.0
456.png,True,0.5718,0,77,564,175,138,570,96,256,0.9499,0.9213,0.9756,0.9794,0.9794,157.8,258.02,486.21,0.9873,0.9748,0.7122,0.5531,1.0,1.0,1.0,1.0,1.0,1.0,1.0,1.0
71.png,True,0.3433,171,143,554,243,140,456,96,224,0.901,0.8401,0.958,0.9655,0.9885,161.47,225.73,459.44,0.9743,0.95,0.6444,0.4754,1.0,1.0,0.8869,0.7968,0.9002,0.8186,1.0,1.0
2844.png,True,0.5005,231,144,372,215,99,183,96,96,0.9052,0.8423,0.9215,0.8999,0.9757,157.91,167.82,413.99,0.9486,0.9022,1.0,1.0,0.924,0.8587,0.8652,0.7624,0.6932,0.5305,1.0,1.0
1497.png,True,0.686,0,134,569,215,113,570,96,256,0.9129,0.8613,0.9727,0.9746,0.9806,161.85,244.98,479.95,0.9857,0.9718,0.6886,0.525,1.0,1.0,1.0,1.0,0.8032,0.6711,1.0,1.0
646.png,True,0.8065,1,188,570,286,138,570,96,256,0.6771,0.5797,0.9165,0.7625,0.9723,162.24,264.92,503.36,0.9541,0.9123,0.7337,0.5794,0.6817,0.5171,0.822,0.6978,0.0,0.0,0.8711,0.7716
2384.png,True,0.902,0,75,570,208,187,570,128,256,0.795,0.6756,0.9435,0.8936,0.982,161.98,310.41,549.59,0.9704,0.9424,0.6291,0.4589,0.809,0.6793,0.8712,0.7718,0.6631,0.496,0.8268,0.7048
567.png,True,0.539,217,220,568,263,61,406,64,192,0.9673,0.9439,0.9717,0.9777,0.9777,156.68,196.37,424.46,0.9846,0.9697,0.8192,0.6937,1.0,1.0,1.0,1.0,1.0,1.0,1.0,1.0
519.png,True,0.4812,261,203,569,262,83,355,64,160,0.7999,0.7751,0.9027,0.9472,0.9773,161.54,159.18,391.19,0.9712,0.944,1.0,1.0,0.8283,0.7069,0.0,0.0,1.0,1.0,1.0,1.0
2479.png,True,0.3218,1,163,561,239,106,570,96,256,0.7163,0.6462,0.9671,0.9429,0.9799,162.95,238.97,476.29,0.9823,0.9652,0.6418,0.4726,1.0,1.0,0.8467,0.7341,0.8271,0.7052,0.0,0.0
2920.png,True,0.4863,13,192,472,257,91,541,64,256,0.5693,0.4586,0.902,0.5952,0.9509,163.57,177.24,418.32,0.9459,0.8974,0.5925,0.421,0.8438,0.7299,0.5898,0.4182,0.4437,0.2851,0.0,0.0
1007.png,True,0.5331,0,115,570,191,106,570,96,256,0.7933,0.7311,0.9434,0.9523,0.9815,162.24,235.32,469.76,0.9705,0.9428,0.7263,0.5702,0.867,0.7652,0.1959,0.1086,1.0,1.0,1.0,1.0
2977.png,True,0.6146,0,167,564,254,121,570,96,256,0.7212,0.6628,0.9579,0.9246,0.9754,174.82,243.26,488.0,0.9795,0.9599,0.6524,0.4841,1.0,1.0,0.6951,0.5327,0.0,0.0,1.0,1.0
2970.png,True,0.4608,1,113,445,245,184,512,128,256,0.7496,0.6996,0.9785,0.7969,0.9772,160.97,310.03,547.68,0.9888,0.9778,0.6921,0.5292,0.817,0.6906,1.0,1.0,1.0,1.0,0.0,0.0
2900.png,True,0.5299,1,157,566,252,133,570,96,256,0.5759,0.5221,0.9633,0.7675,0.9846,160.74,243.82,487.39,0.984,0.9686,0.748,0.5974,0.7235,0.5668,0.0,0.0,0.0,0.0,1.0,1.0
121.png,True,0.394,199,194,542,247,75,422,64,192,0.4723,0.4505,0.9474,0.8167,0.9838,158.33,148.64,376.79,0.9718,0.9451,0.0,0.0,0.8622,0.7578,0.0,0.0,0.0,0.0,1.0,1.0
513.png,True,0.6837,1,93,568,169,106,570,96,256,0.7789,0.6974,0.9558,0.7984,0.9758,174.51,277.99,522.61,0.9772,0.9553,0.7256,0.5693,0.2419,0.1376,0.8521,0.7423,0.8764,0.78,1.0,1.0
2426.png,True,0.6774,0,161,570,237,106,570,96,256,0.8883,0.8158,0.9252,0.9248,0.9787,248.01,363.12,708.26,0.9531,0.9105,0.6977,0.5357,1.0,1.0,0.8148,0.6875,0.8644,0.7612,1.0,1.0
1393.png,True,0.4968,9,106,511,177,99,570,96,256,0.5272,0.4618,0.8823,0.936,0.9617,240.41,344.05,679.6,0.9357,0.8792,0.6777,0.5125,0.0,0.0,0.5498,0.3792,0.0,0.0,1.0,1.0
2547.png,True,0.6368,1,159,498,232,103,570,96,256,0.6078,0.5124,0.8478,0.8099,0.9371,247.69,355.49,694.85,0.9088,0.8329,0.6873,0.5236,0.0,0.0,0.5919,0.4203,0.4588,0.2977,1.0,1.0
610.png,True,0.6182,1,217,570,281,90,570,64,256,0.83,0.7596,0.9452,0.8407,0.9707,240.95,252.77,583.01,0.9667,0.9355,0.6827,0.5183,1.0,1.0,0.913,0.84,0.4174,0.2638,1.0,1.0
1533.png,True,0.8502,0,138,569,324,260,570,192,256,0.954,0.9219,0.9835,0.9816,0.9954,237.7,655.1,999.67,0.9904,0.981,0.7806,0.6402,1.0,1.0,1.0,1.0,0.9531,0.9104,1.0,1.0
1835.png,True,0.606,9,187,568,294,149,570,128,256,0.7101,0.6343,0.9509,0.9299,0.9827,260.85,463.63,821.02,0.9752,0.9516,0.6944,0.5319,0.0,0.0,0.7725,0.6293,0.8187,0.6931,1.0,1.0
805.png,True,0.9002,0,119,570,256,191,570,160,256,0.9238,0.8723,0.9765,0.9669,0.9938,193.22,414.41,721.35,0.9852,0.9709,0.7719,0.6286,1.0,1.0,0.807,0.6764,0.9784,0.9577,1.0,1.0
2607.png,True,0.253,0,153,396,193,56,455,64,224,0.6678,0.6033,0.899,0.7382,0.9474,162.09,166.51,404.22,0.9433,0.8926,0.4854,0.3205,1.0,1.0,0.578,0.4065,0.0,0.0,1.0,1.0
1370.png,True,0.433,33,115,569,218,145,570,128,256,0.9272,0.8736,0.9752,0.9586,0.9906,180.24,302.27,558.84,0.9863,0.9729,0.7881,0.6503,1.0,1.0,0.8795,0.7849,0.9093,0.8336,1.0,1.0
822.png,True,0.6885,0,169,568,252,117,570,96,256,0.9581,0.9276,0.9798,0.9709,0.9863,159.53,246.47,477.13,0.9886,0.9775,0.8043,0.6727,1.0,1.0,1.0,1.0,0.9556,0.9151,1.0,1.0
2132.png,True,0.5532,1,182,568,256,104,570,96,256,0.8975,0.8318,0.964,0.9543,0.985,175.75,241.36,491.21,0.9798,0.9604,0.7123,0.5531,1.0,1.0,0.7844,0.6452,0.9084,0.8322,1.0,1.0
2966.png,True,0.4798,2,103,445,243,196,511,160,256,0.7598,0.7127,0.9845,0.7948,0.9763,163.29,385.0,618.83,0.992,0.9841,0.7397,0.5869,0.8271,0.7051,1.0,1.0,1.0,1.0,0.0,0.0
2188.png,True,0.6939,0,129,569,205,106,570,96,256,0.857,0.7726,0.9389,0.9576,0.9817,161.15,240.68,480.44,0.9631,0.9288,0.8788,0.7838,1.0,1.0,0.5844,0.4128,0.9128,0.8396,0.8029,0.6707
1450.png,True,0.664,1,164,568,260,134,570,96,256,0.9316,0.89,0.9731,0.971,0.9906,173.26,243.9,490.89,0.9851,0.9706,0.6902,0.5269,1.0,1.0,0.9147,0.8427,1.0,1.0,1.0,1.0
1328.png,True,0.5957,0,180,560,285,147,570,128,256,0.7701,0.6919,0.9676,0.8586,0.9815,157.79,294.66,534.76,0.9865,0.9733,0.7493,0.5992,0.3398,0.2047,1.0,1.0,0.5448,0.3744,1.0,1.0
2385.png,True,0.9017,0,75,568,203,180,570,128,256,0.839,0.7331,0.9499,0.9167,0.9851,168.32,317.19,556.66,0.9719,0.9454,0.6973,0.5353,0.7522,0.6029,0.8929,0.8065,0.8501,0.7392,0.8695,0.7691
1858.png,True,0.4994,151,204,568,244,56,482,64,224,0.7326,0.697,0.8867,0.9335,0.9519,158.07,168.13,396.16,0.9403,0.8873,0.4553,0.2948,1.0,1.0,0.0,0.0,1.0,1.0,1.0,1.0
2355.png,True,0.7685,0,144,569,274,182,570,128,256,0.8923,0.823,0.957,0.9222,0.9798,166.07,316.96,556.3,0.9801,0.9609,0.708,0.548,0.8636,0.7599,0.8019,0.6693,1.0,1.0,1.0,1.0
1200.png,True,0.7066,0,155,568,241,120,570,96,256,0.9665,0.9393,0.9865,0.972,0.9845,158.24,240.09,469.07,0.9928,0.9858,0.8667,0.7648,1.0,1.0,1.0,1.0,0.9392,0.8854,1.0,1.0
601.png,True,0.7618,0,214,567,283,97,570,96,256,0.9528,0.9185,0.967,0.959,0.9864,163.25,235.38,468.88,0.9778,0.9566,0.7931,0.6571,1.0,1.0,0.9458,0.8971,1.0,1.0,1.0,1.0
2368.png,True,0.6908,0,108,570,183,105,570,96,256,0.7304,0.6727,0.9504,0.9546,0.9718,156.62,240.3,465.49,0.9737,0.9488,0.7114,0.5521,1.0,1.0,0.6971,0.5351,1.0,1.0,0.0,0.0
2461.png,False,0.0,0,0,570,380,380,570,256,256,0.7344,0.6071,0.9852,0.8871,0.9827,162.39,604.9,837.4,0.9927,0.9855,0.5603,0.3892,0.7045,0.5438,0.5571,0.3861,0.7108,0.5514,0.8807,0.7869
618.png,True,0.586,5,216,570,262,64,570,64,256,0.9723,0.9514,0.9756,0.9847,0.9847,166.67,173.25,412.25,0.9867,0.9738,0.8469,0.7345,1.0,1.0,1.0,1.0,1.0,1.0,1.0,1.0
1244.png,True,0.6908,0,154,568,259,147,570,128,256,0.7593,0.7172,0.9606,0.7637,0.9865,159.43,312.08,540.59,0.9757,0.9526,0.6511,0.4827,1.0,1.0,0.9291,0.8676,0.0,0.0,1.0,1.0
2940.png,True,0.8289,0,147,569,240,131,570,96,256,0.695,0.6143,0.9723,0.6902,0.9885,208.19,361.87,647.0,0.9835,0.9675,0.706,0.5456,0.0,0.0,0.8495,0.7384,0.969,0.94,0.6619,0.4947
2523.png,True,0.5261,4,195,570,247,72,570,64,256,0.8398,0.7588,0.9089,0.8738,0.9698,246.65,252.58,632.51,0.9451,0.8958,0.5207,0.352,1.0,1.0,0.8482,0.7364,0.7249,0.5685,1.0,1.0
777.png,True,0.5929,0,158,568,231,103,570,96,256,0.8668,0.7799,0.9405,0.9386,0.9838,234.52,344.27,671.15,0.9641,0.9306,0.6823,0.5178,0.8287,0.7075,0.9101,0.8351,0.8154,0.6883,1.0,1.0
650.png,True,0.895,1,160,552,285,175,570,128,256,0.7882,0.6641,0.9357,0.8537,0.98,240.48,437.92,770.57,0.9658,0.9339,0.6407,0.4713,0.8447,0.7312,0.7503,0.6004,0.6884,0.5249,0.8391,0.7228
2597.png,True,0.8586,108,50,462,221,239,460,192,224,0.862,0.7854,0.9623,0.9409,0.9911,240.13,579.36,920.29,0.9771,0.9552,1.0,1.0,0.5495,0.3789,0.8781,0.7828,0.9497,0.9042,0.8175,0.6913
1747.png,True,0.6981,0,161,570,264,145,570,128,256,0.7093,0.6241,0.9415,0.9148,0.9818,257.95,450.74,824.63,0.9693,0.9404,0.7473,0.5966,0.8189,0.6933,0.0,0.0,0.902,0.8215,0.8183,0.6925
2052.png,True,0.4415,0,106,407,244,194,468,160,224,0.7294,0.6733,0.9707,0.9349,0.9849,270.71,415.92,780.72,0.9873,0.9749,0.0,0.0,0.6767,0.5113,1.0,1.0,0.7126,0.5535,1.0,1.0
699.png,True,0.3715,1,156,568,220,90,570,64,256,0.96,0.9336,0.9677,0.9822,0.9822,155.82,169.68,396.2,0.9826,0.9657,0.7772,0.6356,1.0,1.0,1.0,1.0,1.0,1.0,1.0,1.0
308.png,True,0.649,2,48,568,159,155,570,128,256,0.7581,0.6701,0.9364,0.8236,0.9837,182.92,294.03,547.83,0.966,0.9343,0.6732,0.5074,0.8824,0.7895,0.7932,0.6573,0.2338,0.1324,1.0,1.0
277.png,True,0.5196,0,130,567,187,79,570,64,256,0.7681,0.7226,0.9547,0.8129,0.9758,155.23,175.18,406.09,0.9748,0.9508,0.7779,0.6365,1.0,1.0,0.8562,0.7486,0.0,0.0,1.0,1.0
528.png,True,0.7471,115,176,568,274,138,523,96,256,0.7956,0.7253,0.926,0.8443,0.9815,183.16,233.14,487.4,0.9687,0.9394,1.0,1.0,0.9113,0.8371,0.4591,0.2979,0.4342,0.2773,1.0,1.0
2974.png,True,0.5839,0,173,569,254,113,570,96,256,0.8865,0.828,0.9586,0.9596,0.9803,156.62,235.71,461.24,0.9785,0.958,0.6377,0.4681,1.0,1.0,0.703,0.5421,1.0,1.0,1.0,1.0
1694.png,True,0.6407,73,205,568,306,141,570,96,256,0.8033,0.6966,0.9339,0.8624,0.9713,180.19,233.76,489.39,0.9628,0.9282,0.6847,0.5206,0.6699,0.5036,1.0,1.0,0.8588,0.7525,0.6438,0.4747
520.png,True,0.4749,236,211,569,269,82,384,64,192,0.8002,0.7743,0.9041,0.9608,0.9739,158.43,145.83,377.63,0.9504,0.9055,1.0,1.0,0.8509,0.7404,0.0,0.0,1.0,1.0,1.0,1.0
523.png,True,0.5223,191,196,556,271,105,434,96,224,0.7303,0.6798,0.9188,0.7413,0.976,163.88,280.13,513.63,0.9571,0.9178,1.0,1.0,0.8813,0.7877,0.5434,0.3731,0.0,0.0,1.0,1.0
1649.png,True,0.3538,0,178,553,229,71,570,64,256,0.8854,0.8274,0.9721,0.9181,0.9595,159.42,174.79,408.92,0.9854,0.9713,0.6566,0.4888,1.0,1.0,1.0,1.0,0.6705,0.5043,1.0,1.0
751.png,True,0.766,0,168,564,255,121,570,96,256,0.8126,0.7195,0.9386,0.9303,0.9853,164.35,261.67,495.61,0.9635,0.9295,0.792,0.6556,0.6026,0.4313,0.5677,0.3964,0.9496,0.904,1.0,1.0
2801.png,True,0.4758,251,96,568,228,184,367,128,192,0.6845,0.6036,0.9716,0.729,0.9722,153.84,266.98,491.02,0.9883,0.9769,0.6961,0.5339,0.6501,0.4816,1.0,1.0,0.7723,0.6291,0.0,0.0
766.png,True,0.803,0,139,568,233,132,570,96,256,0.8577,0.7747,0.9373,0.9249,0.9847,160.44,259.24,489.63,0.9659,0.934,0.7489,0.5986,0.6021,0.4308,0.914,0.8416,0.9152,0.8436,1.0,1.0
811.png,True,0.7894,0,176,570,259,117,570,96,256,0.9657,0.9406,0.9837,0.9773,0.9939,155.45,234.82,458.2,0.9899,0.9799,0.8201,0.6951,1.0,1.0,1.0,1.0,0.984,0.9686,1.0,1.0
372.png,True,0.5331,0,136,559,202,92,570,64,256,0.9272,0.8821,0.9622,0.9629,0.9767,158.84,179.42,409.72,0.9798,0.9604,0.6933,0.5306,1.0,1.0,1.0,1.0,0.8899,0.8017,1.0,1.0
1349.png,True,0.6751,5,122,569,205,117,570,96,256,0.8582,0.7703,0.9649,0.9194,0.9888,155.23,239.26,482.5,0.981,0.9628,0.7595,0.6122,0.8666,0.7646,0.8824,0.7895,0.66,0.4925,1.0,1.0
1749.png,True,0.7795,0,159,570,260,141,570,96,256,0.8752,0.7904,0.936,0.9434,0.9795,157.54,242.61,469.83,0.9594,0.922,0.7135,0.5545,0.8706,0.7708,1.0,1.0,0.8983,0.8154,0.8094,0.6799
1582.png,True,0.6074,0,101,569,207,148,570,128,256,0.8874,0.8075,0.9653,0.9149,0.9776,154.5,296.36,532.48,0.9815,0.9636,0.7767,0.6349,0.8765,0.7802,0.8793,0.7846,0.8106,0.6815,1.0,1.0
2761.png,True,0.666,0,136,568,226,126,570,96,256,0.9269,0.8747,0.9603,0.9582,0.9864,158.08,241.44,474.53,0.9736,0.9486,0.8004,0.6673,1.0,1.0,0.8182,0.6924,0.9689,0.9398,1.0,1.0
2791.png,False,0.0,0,0,570,380,380,570,256,256,0.7462,0.6949,0.9922,0.7723,0.9727,156.59,571.77,809.37,0.996,0.9921,0.7601,0.613,0.7213,0.564,1.0,1.0,1.0,1.0,0.0,0.0
1245.png,True,0.7373,0,152,569,267,161,570,128,256,0.9085,0.8479,0.9645,0.9573,0.9922,253.9,436.7,780.61,0.9781,0.9571,0.7179,0.5599,1.0,1.0,0.9284,0.8664,0.8265,0.7043,1.0,1.0
1346.png,True,0.5324,0,184,566,284,140,570,96,256,0.7593,0.7109,0.9738,0.9351,0.9763,240.93,359.07,692.94,0.9874,0.9752,0.781,0.6406,0.0,0.0,1.0,1.0,0.7877,0.6497,1.0,1.0
785.png,True,0.6713,2,154,569,228,104,570,96,256,0.8754,0.8105,0.9656,0.8903,0.9889,233.08,346.48,672.67,0.9774,0.9559,0.7621,0.6156,1.0,1.0,0.9438,0.8936,0.5692,0.3978,1.0,1.0
651.png,True,0.3765,45,129,492,239,154,559,128,256,0.9465,0.9175,0.979,0.9699,0.9699,256.88,432.14,774.18,0.9891,0.9785,0.69,0.5267,1.0,1.0,1.0,1.0,1.0,1.0,1.0,1.0
66.png,True,0.3499,199,137,569,232,133,427,96,192,0.8978,0.8271,0.9407,0.9567,0.9854,226.44,307.02,622.63,0.965,0.9323,0.7937,0.658,1.0,1.0,0.8107,0.6817,0.8172,0.6909,1.0,1.0
2668.png,True,0.7118,0,162,570,244,114,570,96,256,0.7261,0.6543,0.9368,0.7804,0.9825,269.58,347.56,716.26,0.9736,0.9486,0.798,0.6639,0.0,0.0,0.8086,0.6787,0.7765,0.6346,1.0,1.0
29.png,True,0.787,158,92,567,220,180,473,128,224,0.9387,0.8938,0.9296,0.9738,0.9818,250.16,384.62,726.64,0.955,0.9139,1.0,1.0,1.0,1.0,0.7979,0.6638,1.0,1.0,0.8795,0.785
2310.png,True,0.7485,0,203,569,283,112,570,96,256,0.8786,0.7954,0.9443,0.9584,0.9859,157.01,238.45,469.61,0.9677,0.9374,0.7894,0.6521,0.758,0.6103,0.8296,0.7088,0.9268,0.8636,1.0,1.0
546.png,True,0.7075,0,171,570,232,85,570,64,256,0.9218,0.8645,0.921,0.9647,0.9835,164.1,170.49,405.71,0.9449,0.8956,0.8088,0.679,1.0,1.0,0.8209,0.6962,0.9562,0.9161,1.0,1.0
2638.png,True,0.5011,235,168,569,289,169,385,128,192,0.7934,0.7141,0.9293,0.9774,0.9842,158.32,235.77,467.19,0.962,0.9267,0.8447,0.7311,0.466,0.3038,1.0,1.0,0.4879,0.3227,1.0,1.0
2733.png,True,0.4829,0,131,364,207,106,419,96,192,0.7631,0.6657,0.9506,0.8195,0.9723,181.14,197.73,455.17,0.9762,0.9536,0.8514,0.7413,0.7957,0.6607,1.0,1.0,0.378,0.233,0.5772,0.4057
2944.png,True,0.6697,1,154,560,255,141,570,96,256,0.7748,0.7334,0.9722,0.8066,0.9746,156.8,235.16,465.54,0.9849,0.9703,0.7858,0.6472,0.8781,0.7827,1.0,1.0,1.0,1.0,0.0,0.0
747.png,True,0.6938,1,170,524,247,107,570,96,256,0.6664,0.6081,0.9131,0.9535,0.9824,191.95,233.72,494.56,0.95,0.9048,0.8052,0.674,0.0,0.0,0.2996,0.1762,0.9439,0.8937,1.0,1.0
2643.png,False,0.0,0,0,570,380,380,570,256,256,0.7501,0.6994,0.9779,0.9698,0.9924,156.48,573.11,799.97,0.9889,0.978,0.797,0.6626,0.7147,0.5561,1.0,1.0,0.0,0.0,1.0,1.0
563.png,True,0.4262,3,183,569,220,51,570,64,256,0.8314,0.769,0.8731,0.861,0.929,155.69,172.17,398.42,0.9254,0.8612,0.3811,0.2354,1.0,1.0,0.6818,0.5172,1.0,1.0,1.0,1.0
228.png,True,0.6375,11,176,568,257,113,570,96,256,0.8102,0.7274,0.9317,0.8682,0.9812,156.09,258.09,503.58,0.9614,0.9257,0.7209,0.5636,1.0,1.0,0.7538,0.6049,0.4252,0.27,1.0,1.0
1167.png,True,0.6226,0,154,570,213,83,570,64,256,0.9482,0.9099,0.9628,0.9784,0.9892,154.17,171.69,395.72,0.9782,0.9574,0.8051,0.6738,1.0,1.0,0.9059,0.828,1.0,1.0,1.0,1.0
1592.png,True,0.5312,95,175,567,225,70,546,64,256,0.8919,0.8299,0.9543,0.9234,0.9813,151.69,168.48,389.89,0.9734,0.9482,0.6012,0.4298,0.9219,0.855,1.0,1.0,0.8549,0.7465,1.0,1.0
1477.png,True,0.669,1,182,570,262,112,570,96,256,0.7879,0.7522,0.9643,0.8109,0.9895,176.17,232.34,479.61,0.9788,0.9586,0.8495,0.7384,1.0,1.0,0.899,0.8165,0.0,0.0,1.0,1.0
60.png,True,0.692,1,133,569,248,161,570,128,256,0.5527,0.4816,0.9535,0.6495,0.9895,154.1,294.88,517.36,0.9735,0.9484,0.6928,0.53,0.0,0.0,0.7713,0.6277,0.8787,0.7836,0.0,0.0
2014.png,True,0.701,0,122,395,191,97,454,96,224,0.6292,0.5259,0.9069,0.8505,0.9589,169.97,217.35,462.07,0.942,0.8904,0.4856,0.3207,0.0,0.0,0.8116,0.6829,0.6872,0.5235,0.849,0.7377
2436.png,True,0.5714,1,186,569,240,76,570,64,256,0.9041,0.8363,0.9438,0.9507,0.978,156.13,167.58,391.87,0.9669,0.9359,0.8262,0.7038,1.0,1.0,0.8033,0.6713,0.8282,0.7067,1.0,1.0
2270.png,True,0.7448,0,30,413,177,205,475,160,224,0.7966,0.7149,0.9782,0.8268,0.9693,162.7,335.69,567.89,0.9908,0.9817,0.7187,0.5609,0.4214,0.267,0.6487,0.4801,1.0,1.0,1.0,1.0
1352.png,True,0.751,3,116,569,214,138,570,96,256,0.9215,0.8653,0.9645,0.9682,0.9902,152.0,231.87,451.87,0.9791,0.9591,0.7625,0.6162,0.9036,0.8242,0.884,0.7922,1.0,1.0,1.0,1.0
2901.png,True,0.6384,0,164,570,251,121,570,96,256,0.8315,0.7501,0.9577,0.891,0.9773,156.89,243.73,479.29,0.9794,0.9597,0.7471,0.5963,0.7498,0.5997,0.5128,0.3448,1.0,1.0,1.0,1.0
2734.png,True,0.5066,0,129,508,208,111,570,96,256,0.5206,0.4601,0.9478,0.5895,0.9299,152.85,236.29,456.64,0.9735,0.9484,0.6335,0.4636,1.0,1.0,0.5168,0.3484,0.0,0.0,0.0,0.0
615.png,True,0.5747,6,215,568,268,75,570,64,256,0.8693,0.7903,0.9552,0.8733,0.9613,162.89,268.84,505.84,0.9756,0.9523,0.7399,0.5872,1.0,1.0,0.7203,0.5628,0.7801,0.6394,1.0,1.0
562.png,True,0.3095,3,189,568,216,37,570,32,256,0.7059,0.6466,0.898,0.6915,0.9283,237.18,190.17,519.23,0.9393,0.8856,0.7954,0.6603,1.0,1.0,0.5007,0.3339,0.0,0.0,1.0,1.0
252.png,True,0.4226,289,48,570,234,260,323,192,160,0.5592,0.5341,0.9817,0.9969,0.997,250.35,452.75,790.65,0.9908,0.9817,0.3645,0.2228,0.0,0.0,0.0,0.0,1.0,1.0,1.0,1.0
2774.png,True,0.6599,0,127,567,214,121,570,96,256,0.9352,0.8857,0.9548,0.9477,0.9849,237.62,358.09,686.12,0.9726,0.9466,0.8025,0.6701,1.0,1.0,0.9176,0.8477,0.9187,0.8497,1.0,1.0
2115.png,True,0.7053,0,78,568,160,114,570,96,256,0.8759,0.805,0.9619,0.9668,0.9831,241.61,351.8,681.7,0.9789,0.9586,0.6699,0.5037,1.0,1.0,1.0,1.0,0.9079,0.8313,0.6985,0.5367
1070.png,True,0.6105,2,114,429,279,231,493,160,224,0.9616,0.9368,0.9878,0.9939,0.9939,258.75,499.64,853.5,0.9937,0.9876,0.7756,0.6335,1.0,1.0,1.0,1.0,1.0,1.0,1.0,1.0
1775.png,True,0.6514,76,191,550,286,133,565,96,256,0.692,0.6128,0.8856,0.9552,0.9782,247.55,366.71,709.99,0.9297,0.8686,0.0,0.0,0.5665,0.3952,0.8208,0.696,0.835,0.7167,1.0,1.0
2306.png,True,0.6997,0,198,569,285,121,570,96,256,0.7102,0.6331,0.9382,0.7833,0.9744,246.3,236.83,573.93,0.9684,0.9387,0.7487,0.5983,0.8172,0.6909,0.7268,0.5709,0.0,0.0,1.0,1.0
2129.png,True,0.6062,0,184,567,260,106,570,96,256,0.8765,0.8006,0.9668,0.9462,0.9819,173.81,243.5,487.93,0.9832,0.9669,0.7334,0.579,1.0,1.0,0.7345,0.5804,0.8077,0.6775,1.0,1.0
1635.png,True,0.5821,1,163,570,233,98,570,96,256,0.7446,0.6864,0.8792,0.8015,0.973,156.16,234.69,479.48,0.9296,0.8685,0.7808,0.6404,1.0,1.0,0.7575,0.6097,0.0,0.0,1.0,1.0
3001.png,True,0.7389,0,87,569,175,124,570,96,256,0.9346,0.8955,0.9704,0.9732,0.9919,172.62,240.75,482.95,0.9827,0.9661,0.6854,0.5213,1.0,1.0,0.9395,0.8859,1.0,1.0,1.0,1.0
1696.png,True,0.5857,71,201,569,312,155,570,128,256,0.7734,0.678,0.9488,0.8262,0.9769,155.62,301.17,524.78,0.972,0.9455,0.7828,0.6431,0.8405,0.7249,1.0,1.0,0.7154,0.5569,0.3299,0.1975
1599.png,True,0.6273,75,150,568,280,182,569,128,256,0.8508,0.7799,0.966,0.9668,0.9858,172.92,307.23,551.51,0.9819,0.9644,0.4835,0.3188,0.8744,0.7768,0.7648,0.6192,1.0,1.0,1.0,1.0
2190.png,True,0.4917,152,137,565,204,93,480,64,224,0.7495,0.6224,0.9177,0.8454,0.9555,153.99,183.23,407.65,0.9537,0.9116,0.5909,0.4194,0.6072,0.436,0.672,0.506,0.7417,0.5895,0.9315,0.8717
1299.png,True,0.4172,230,243,308,268,35,102,32,64,0.6363,0.6153,0.6919,0.6667,0.8333,173.05,97.55,339.42,0.8179,0.6919,1.0,1.0,0.0,0.0,1.0,1.0,0.0,0.0,1.0,1.0
1723.png,True,0.6656,1,187,486,275,124,559,96,256,0.8745,0.8032,0.955,0.9109,0.9701,157.41,235.56,466.19,0.9754,0.9519,0.5958,0.4243,1.0,1.0,0.823,0.6993,0.8531,0.7439,1.0,1.0
255.png,True,0.5867,137,53,570,286,327,498,224,224,0.9332,0.9036,0.9873,0.9755,0.9755,156.93,501.48,732.78,0.9936,0.9872,0.6055,0.4342,1.0,1.0,1.0,1.0,1.0,1.0,1.0,1.0
2649.png,True,0.7926,1,196,569,335,195,570,160,256,0.76,0.7086,0.9792,0.9634,0.9892,156.87,397.36,625.11,0.9887,0.9777,0.7686,0.6241,1.0,1.0,0.8466,0.7339,0.9561,0.9158,0.0,0.0
2721.png,True,0.6211,3,128,570,221,131,570,96,256,0.7224,0.6635,0.9501,0.7708,0.9263,156.15,232.76,477.87,0.974,0.9492,0.6586,0.491,1.0,1.0,0.7019,0.5407,1.0,1.0,0.0,0.0
494.png,True,0.5426,1,162,567,254,128,570,96,256,0.85,0.754,0.9637,0.9312,0.9808,155.66,235.04,459.11,0.9805,0.9618,0.8205,0.6956,0.7957,0.6607,0.778,0.6367,0.7253,0.569,1.0,1.0
2847.png,True,0.545,239,154,363,212,82,162,64,96,0.6606,0.5858,0.8762,0.6735,0.9512,165.48,124.12,367.41,0.92,0.8518,1.0,1.0,0.8078,0.6776,0.8596,0.7538,0.3765,0.2319,0.0,0.0
2383.png,True,0.9064,0,72,568,209,191,570,160,256,0.8433,0.7406,0.9538,0.9283,0.9883,152.79,359.82,584.4,0.9741,0.9495,0.6579,0.4902,0.8726,0.774,0.8408,0.7253,0.817,0.6906,0.8974,0.8139
1483.png,True,0.52,3,166,567,225,83,570,64,256,0.8731,0.8181,0.9627,0.871,0.9679,175.11,173.76,424.06,0.98,0.9607,0.7666,0.6216,1.0,1.0,1.0,1.0,0.4922,0.3265,1.0,1.0
112.png,True,0.3318,257,196,538,254,82,355,64,160,0.9307,0.8854,0.9592,0.9795,0.9876,158.51,156.33,386.74,0.9767,0.9544,1.0,1.0,0.8812,0.7877,1.0,1.0,0.7263,0.5703,1.0,1.0
2636.png,True,0.2994,289,161,569,267,148,323,128,160,0.5754,0.5246,0.9555,0.7349,0.9837,165.25,261.12,500.6,0.9862,0.9728,0.8276,0.7059,0.6385,0.469,0.0,0.0,0.0,0.0,1.0,1.0
1202.png,True,0.648,0,164,565,232,96,570,96,256,0.8213,0.8107,0.991,0.9915,0.992,156.16,238.54,463.52,0.9953,0.9906,0.9324,0.8734,1.0,1.0,0.0,0.0,1.0,1.0,1.0,1.0
1896.png,False,0.0,0,0,570,380,380,570,256,256,0.8926,0.8465,0.9912,0.9716,0.9879,166.07,795.4,1038.41,0.9957,0.9915,0.4998,0.3332,0.86,0.7544,1.0,1.0,1.0,1.0,1.0,1.0
1350.png,True,0.7233,6,125,569,214,125,570,96,256,0.8207,0.7379,0.9635,0.8443,0.9849,267.32,352.11,708.58,0.9803,0.9614,0.7995,0.666,0.8975,0.8141,0.8494,0.7382,0.3971,0.2477,1.0,1.0
735.png,True,0.6825,3,57,567,190,187,570,128,256,0.7223,0.6675,0.9813,0.7755,0.976,235.64,441.23,781.89,0.9904,0.981,0.7577,0.6099,1.0,1.0,0.0,0.0,0.5855,0.4139,1.0,1.0
543.png,True,0.6055,5,182,569,230,68,570,64,256,0.9163,0.8552,0.889,0.9503,0.9759,242.43,255.68,585.75,0.9203,0.8524,0.8302,0.7097,1.0,1.0,0.7947,0.6593,0.9528,0.9099,1.0,1.0
1962.png,False,0.0,0,0,570,380,380,570,256,256,0.5614,0.5366,0.9887,0.8166,0.989,257.78,809.16,1159.38,0.9952,0.9905,0.3731,0.2293,0.0,0.0,1.0,1.0,0.0,0.0,1.0,1.0
2857.png,True,0.4851,218,145,567,203,82,404,64,192,0.6748,0.5964,0.9541,0.8602,0.9788,271.66,265.94,632.04,0.9776,0.9562,0.0,0.0,0.8429,0.7284,0.684,0.5197,0.5446,0.3741,1.0,1.0
1844.png,True,0.5142,4,221,564,261,56,570,64,256,0.5974,0.5609,0.8944,0.9397,0.9576,241.46,172.57,506.02,0.9447,0.8952,0.6399,0.4705,0.0,0.0,0.0,0.0,1.0,1.0,1.0,1.0
2266.png,True,0.7072,0,28,443,184,215,509,160,256,0.904,0.8421,0.9845,0.9398,0.9786,175.62,368.5,616.04,0.992,0.9841,0.6989,0.5372,0.8925,0.8059,1.0,1.0,1.0,1.0,0.8408,0.7253
496.png,True,0.6209,0,152,569,255,145,570,128,256,0.8481,0.752,0.9668,0.9264,0.9812,158.35,310.5,538.21,0.9828,0.9661,0.8146,0.6871,0.737,0.5835,0.7335,0.5791,0.8208,0.6961,1.0,1.0
2179.png,True,0.6714,0,117,569,215,138,570,96,256,0.8957,0.841,0.9572,0.9683,0.9855,170.24,237.94,477.84,0.9766,0.9543,0.6,0.4286,1.0,1.0,0.7974,0.663,1.0,1.0,1.0,1.0
2918.png,True,0.4963,0,183,467,252,97,537,96,256,0.6965,0.6046,0.8785,0.8822,0.9764,159.19,247.26,477.08,0.9273,0.8644,0.8694,0.769,0.7773,0.6357,0.3518,0.2135,0.2532,0.1449,1.0,1.0
435.png,True,0.7778,46,233,570,334,141,570,96,256,0.772,0.732,0.9758,0.9734,0.9834,170.15,238.71,485.37,0.9873,0.9749,0.7299,0.5746,0.9147,0.8427,0.0,0.0,1.0,1.0,1.0,1.0
915.png,True,0.7542,0,116,568,190,104,570,96,256,0.7369,0.6815,0.9348,0.7956,0.9794,157.56,237.91,465.0,0.9696,0.941,0.6612,0.4938,0.7909,0.6541,1.0,1.0,0.0,0.0,1.0,1.0
1391.png,True,0.4096,17,103,422,182,111,483,96,224,0.9206,0.8737,0.9778,0.9742,0.9881,170.47,255.63,501.05,0.9883,0.9769,0.6726,0.5067,1.0,1.0,0.8627,0.7585,1.0,1.0,1.0,1.0
1742.png,True,0.7157,0,177,568,264,121,570,96,256,0.9071,0.8495,0.9567,0.9272,0.9823,157.37,236.62,471.97,0.9739,0.9491,0.6526,0.4843,0.8923,0.8055,1.0,1.0,0.9236,0.8581,1.0,1.0
232.png,True,0.4434,0,202,552,258,78,570,64,256,0.9244,0.8744,0.9583,0.9682,0.9813,167.03,177.96,419.61,0.9769,0.9548,0.7877,0.6497,1.0,1.0,0.7819,0.6419,1.0,1.0,1.0,1.0
2825.png,True,0.3729,0,55,466,113,82,536,64,256,0.6329,0.5643,0.9313,0.7413,0.9722,160.86,177.71,414.76,0.9629,0.9284,0.265,0.1527,0.0,0.0,0.7089,0.5491,0.8607,0.7555,1.0,1.0
2392.png,True,0.7874,0,100,569,218,166,570,128,256,0.6958,0.6038,0.9433,0.9465,0.9854,178.95,302.31,551.96,0.9673,0.9366,0.7403,0.5877,0.0,0.0,0.8122,0.6838,0.7936,0.6578,0.8617,0.757
2084.png,True,0.8337,2,105,568,230,175,570,128,256,0.7069,0.6205,0.9245,0.7437,0.9706,157.55,298.76,528.06,0.9541,0.9121,0.7599,0.6127,0.0,0.0,0.7856,0.6469,0.9272,0.8643,0.8145,0.687
625.png,True,0.5706,0,230,570,288,82,570,64,256,0.774,0.6582,0.9137,0.8424,0.9628,162.44,172.04,418.08,0.9583,0.9199,0.7507,0.6008,0.6404,0.471,0.6476,0.4788,0.6473,0.4785,1.0,1.0
366.png,True,0.4267,145,129,566,187,82,488,64,224,0.8407,0.7776,0.9274,0.9571,0.9782,160.78,188.53,417.57,0.9549,0.9138,0.3534,0.2146,0.8293,0.7084,1.0,1.0,0.9063,0.8286,1.0,1.0
440.png,True,0.3465,0,75,568,175,140,570,96,256,0.8039,0.7281,0.9698,0.879,0.9823,185.1,242.72,497.51,0.9858,0.972,0.6013,0.4299,0.4034,0.2527,0.8331,0.7139,1.0,1.0,1.0,1.0
367.png,True,0.2855,1,134,520,206,100,570,96,256,0.9012,0.8472,0.9722,0.8862,0.963,156.89,235.59,480.44,0.9853,0.9709,0.781,0.6407,1.0,1.0,1.0,1.0,0.6409,0.4716,1.0,1.0
1625.png,True,0.3324,1,65,456,275,294,524,224,256,0.7491,0.6981,0.9867,0.8142,0.9857,180.62,531.68,786.74,0.9937,0.9875,0.7433,0.5915,0.7575,0.6096,1.0,1.0,0.0,0.0,1.0,1.0
368.png,False,0.0,0,0,570,380,380,570,256,256,0.7866,0.7502,0.9893,0.847,0.9775,162.96,686.36,919.11,0.9946,0.9892,0.6347,0.4649,1.0,1.0,1.0,1.0,0.0904,0.0473,1.0,1.0
394.png,True,0.6629,0,170,560,267,135,570,96,256,0.6336,0.6105,0.9735,0.8213,0.9625,575.2,545.16,1284.52,0.9903,0.9807,0.8112,0.6824,0.0,0.0,1.0,1.0,0.0,0.0,1.0,1.0
2401.png,True,0.6776,0,114,568,189,105,570,96,256,0.7273,0.6665,0.8724,0.9474,0.9674,249.58,348.29,690.5,0.927,0.864,0.6337,0.4638,1.0,1.0,0.8033,0.6712,1.0,1.0,0.0,0.0
1249.png,True,0.8269,0,154,570,273,167,570,128,256,0.9369,0.8896,0.96,0.9692,0.9912,242.4,478.42,814.46,0.9738,0.9489,0.7873,0.6492,1.0,1.0,0.9203,0.8523,0.9403,0.8873,1.0,1.0
3011.png,True,0.7032,110,151,568,230,111,529,96,256,0.6653,0.6375,0.9555,0.9632,0.9904,240.77,341.86,671.49,0.9757,0.9525,0.1233,0.0657,0.0,0.0,1.0,1.0,0.8929,0.8065,1.0,1.0
2834.png,True,0.4244,229,133,566,204,99,392,96,192,0.6011,0.5548,0.9482,0.972,0.9866,252.55,321.93,667.19,0.9724,0.9462,0.0,0.0,0.838,0.7211,0.796,0.6612,0.0,0.0,1.0,1.0
2269.png,True,0.675,0,31,438,175,202,504,160,256,0.9314,0.8859,0.9854,0.9608,0.9757,251.03,570.87,920.29,0.9924,0.985,0.761,0.6142,1.0,1.0,0.8347,0.7163,1.0,1.0,1.0,1.0
1847.png,True,0.4318,8,210,561,246,50,570,64,256,0.4138,0.3759,0.8712,0.8971,0.9393,220.89,171.85,483.51,0.9352,0.8783,0.5475,0.3769,0.0,0.0,0.0,0.0,0.0,0.0,1.0,1.0
233.png,True,0.4821,3,175,569,270,133,570,96,256,0.9274,0.8807,0.9811,0.9818,0.9839,155.33,246.88,470.98,0.9902,0.9806,0.7354,0.5815,1.0,1.0,1.0,1.0,0.8386,0.722,1.0,1.0
2771.png,True,0.6681,1,147,568,233,120,570,96,256,0.9184,0.8611,0.9679,0.9796,0.99,158.03,234.23,471.01,0.9822,0.965,0.8623,0.7579,1.0,1.0,0.7516,0.602,0.9141,0.8419,1.0,1.0
2954.png,True,0.7439,0,155,565,268,159,570,128,256,0.7237,0.6531,0.978,0.95,0.9822,161.71,315.93,545.49,0.9887,0.9776,0.747,0.5962,0.0,0.0,0.7727,0.6296,0.8341,0.7154,1.0,1.0
403.png,True,0.7749,18,173,568,317,202,570,160,256,0.5947,0.5473,0.9513,0.9828,0.9896,160.18,363.52,597.34,0.9727,0.9469,1.0,1.0,0.8629,0.7589,0.7325,0.5779,0.0,0.0,0.0,0.0
2060.png,True,0.4833,217,73,570,184,155,406,128,192,0.8083,0.7335,0.9803,0.9,0.9718,175.9,286.58,533.04,0.9905,0.9811,0.3841,0.2377,0.6561,0.4882,1.0,1.0,0.8193,0.6939,1.0,1.0
2172.png,True,0.6993,16,124,569,220,134,570,96,256,0.7795,0.6727,0.9368,0.8756,0.9751,160.59,233.35,464.29,0.9724,0.9462,0.6705,0.5043,0.4985,0.332,0.8261,0.7037,0.7096,0.5499,1.0,1.0
1005.png,True,0.5499,0,110,570,188,110,570,96,256,0.6171,0.5382,0.9525,0.8275,0.9834,172.95,243.21,486.8,0.9809,0.9626,0.7507,0.6009,0.3399,0.2047,0.6312,0.4611,0.0,0.0,1.0,1.0
402.png,True,0.6811,27,173,557,305,184,570,128,256,0.7802,0.7405,0.9681,0.8174,0.9878,158.58,295.32,576.23,0.9826,0.9657,1.0,1.0,0.8692,0.7686,0.8296,0.7088,1.0,1.0,0.0,0.0
2550.png,True,0.7068,1,157,537,231,104,570,96,256,0.7156,0.6126,0.8792,0.7442,0.9556,183.22,236.24,493.49,0.9405,0.8877,0.7442,0.5927,0.731,0.576,0.6684,0.502,0.2095,0.117,1.0,1.0
994.png,True,0.7471,1,117,569,205,124,570,96,256,0.5283,0.4481,0.9396,0.7545,0.9812,163.75,245.84,479.28,0.9752,0.9515,0.7652,0.6197,0.7658,0.6205,0.6637,0.4967,0.0,0.0,0.0,0.0
2168.png,True,0.7008,5,121,569,218,135,570,96,256,0.8553,0.7758,0.942,0.9228,0.9857,175.62,236.88,504.29,0.9742,0.9496,0.6764,0.511,0.8351,0.717,0.6461,0.4772,1.0,1.0,1.0,1.0
2972.png,True,0.4724,0,121,278,241,168,320,128,160,0.8905,0.8336,0.9719,0.981,0.9858,154.63,243.91,470.91,0.9853,0.971,0.7204,0.563,0.6372,0.4675,1.0,1.0,1.0,1.0,1.0,1.0
3029.png,True,0.5452,218,159,569,276,163,405,128,192,0.8499,0.7643,0.8535,0.9499,0.9703,178.57,242.58,492.36,0.8904,0.8024,1.0,1.0,0.8798,0.7854,1.0,1.0,0.7028,0.5418,0.6265,0.4561
347.png,True,0.5797,8,114,558,197,117,570,96,256,0.8684,0.7995,0.941,0.9605,0.9879,160.9,239.43,475.82,0.9639,0.9303,0.5729,0.4014,0.7348,0.5807,1.0,1.0,0.9386,0.8843,1.0,1.0
1382.png,True,0.4661,2,76,408,175,139,469,96,224,0.6075,0.5281,0.958,0.8447,0.9763,177.57,218.99,466.43,0.9808,0.9623,0.5002,0.3335,0.7727,0.6296,0.0,0.0,0.3914,0.2433,1.0,1.0
1159.png,True,0.676,0,177,568,270,131,570,96,256,0.7789,0.7493,0.9722,0.7884,0.9551,158.37,241.17,471.41,0.9854,0.9713,0.6881,0.5245,1.0,1.0,1.0,1.0,0.0,0.0,1.0,1.0
2854.png,True,0.3724,231,152,567,200,68,389,64,192,0.5914,0.4815,0.9452,0.7117,0.9716,159.99,189.3,418.46,0.9716,0.9447,0.5183,0.3498,0.8188,0.6932,0.5743,0.4028,0.6652,0.4983,0.0,0.0
2356.png,True,0.6483,2,161,569,269,152,570,128,256,0.714,0.644,0.9482,0.8982,0.9747,157.52,295.38,524.71,0.9731,0.9476,0.6159,0.445,0.8615,0.7567,0.8334,0.7144,0.0,0.0,1.0,1.0
2571.png,True,0.7023,0,96,568,209,159,570,128,256,0.9562,0.9221,0.9871,0.9725,0.9821,162.58,424.39,658.58,0.9932,0.9865,0.8658,0.7634,1.0,1.0,1.0,1.0,0.8781,0.7828,1.0,1.0
108.png,True,0.3094,265,200,561,244,62,349,64,160,0.8944,0.8394,0.9417,0.935,0.9731,237.29,214.25,545.7,0.9701,0.9419,1.0,1.0,0.5871,0.4155,1.0,1.0,0.8091,0.6793,1.0,1.0
734.png,True,0.5846,2,57,568,189,184,570,128,256,0.7831,0.7546,0.9773,0.9798,0.9798,244.02,421.46,755.9,0.9883,0.9768,0.7102,0.5506,1.0,1.0,0.0,0.0,1.0,1.0,1.0,1.0
565.png,True,0.4078,0,188,540,218,42,570,32,256,0.7672,0.7233,0.7539,0.8061,0.872,228.94,199.73,517.08,0.8543,0.7457,0.7434,0.5916,1.0,1.0,0.0055,0.0027,1.0,1.0,1.0,1.0
2364.png,True,0.7633,0,145,570,257,156,570,128,256,0.7638,0.7201,0.9694,0.9862,0.9923,242.97,429.52,761.32,0.9828,0.9662,0.7057,0.5453,0.8944,0.8089,0.0,0.0,1.0,1.0,1.0,1.0
1537.png,True,0.6268,1,89,568,192,145,570,128,256,0.5684,0.4755,0.9685,0.6456,0.9745,239.98,428.65,768.32,0.9841,0.9687,0.6881,0.5245,0.8707,0.771,0.6157,0.4448,0.2518,0.144,0.0,0.0
1885.png,True,0.4251,248,158,568,282,174,370,128,192,0.5778,0.4982,0.9666,0.5957,0.967,250.84,386.09,728.85,0.9872,0.9748,0.5535,0.3827,0.6252,0.4547,1.0,1.0,0.3007,0.1769,0.0,0.0
470.png,True,0.5756,1,49,546,257,292,570,224,256,0.5577,0.5013,0.9846,0.7959,0.9661,252.48,565.93,909.5,0.9921,0.9844,0.6818,0.5172,1.0,1.0,0.0,0.0,0.6723,0.5064,0.0,0.0
2490.png,True,0.273,2,162,555,245,117,570,96,256,0.6772,0.5973,0.9486,0.9153,0.9721,169.89,238.68,480.68,0.9721,0.9456,0.5374,0.3674,0.0,0.0,0.7728,0.6298,0.7811,0.6408,1.0,1.0
1372.png,True,0.5269,10,118,568,200,114,570,96,256,0.9486,0.911,0.9784,0.9712,0.9861,162.61,253.31,486.0,0.9883,0.9769,0.804,0.6723,1.0,1.0,0.8992,0.8168,1.0,1.0,1.0,1.0
1737.png,True,0.7521,1,127,566,218,127,570,96,256,0.6771,0.5932,0.9601,0.947,0.98,165.57,237.3,476.1,0.9792,0.9592,0.6383,0.4687,0.0,0.0,0.7383,0.5851,0.7067,0.5464,1.0,1.0
2301.png,True,0.3893,11,182,544,260,110,570,96,256,0.6922,0.6343,0.9448,0.8489,0.9726,159.54,254.22,484.91,0.9782,0.9572,0.6959,0.5336,0.0,0.0,1.0,1.0,0.4793,0.3152,1.0,1.0
2504.png,True,0.498,10,164,562,217,75,570,64,256,0.6984,0.6219,0.9272,0.7417,0.9806,166.28,175.02,435.46,0.9604,0.9238,0.6045,0.4331,0.8621,0.7576,0.0,0.0,0.7632,0.6171,1.0,1.0
1990.png,True,0.608,7,109,569,179,98,570,96,256,0.7269,0.6569,0.9361,0.9235,0.9696,158.15,248.02,477.58,0.9644,0.9312,0.7271,0.5712,0.0,0.0,0.7899,0.6527,0.8802,0.786,1.0,1.0
1518.png,True,0.6226,0,179,542,264,119,570,96,256,0.755,0.623,0.935,0.8747,0.9751,165.23,238.52,482.44,0.9659,0.934,0.6811,0.5164,0.6305,0.4604,0.6674,0.5009,0.7139,0.5551,0.8709,0.7714
2086.png,True,0.8754,0,94,570,225,183,570,128,256,0.7376,0.6751,0.9293,0.9133,0.9734,157.36,311.76,543.52,0.9602,0.9235,0.7228,0.566,0.0,0.0,1.0,1.0,0.9506,0.9058,0.792,0.6556
1301.png,False,0.0,0,0,570,380,380,570,256,256,0.9632,0.9396,0.9978,0.9953,0.9953,163.27,596.31,830.18,0.9989,0.9978,1.0,1.0,0.7803,0.6397,1.0,1.0,1.0,1.0,1.0,1.0
1379.png,True,0.5511,1,90,354,173,117,407,96,192,0.569,0.4882,0.9259,0.6998,0.972,160.31,229.13,469.97,0.9648,0.9319,0.27,0.1561,0.6474,0.4787,0.532,0.3624,0.0,0.0,1.0,1.0
997.png,True,0.6323,1,120,503,198,110,570,96,256,0.7104,0.6511,0.9428,0.8857,0.9629,155.55,238.28,464.02,0.9816,0.9639,0.6584,0.4908,0.6223,0.4517,1.0,1.0,0.0,0.0,1.0,1.0
2979.png,True,0.5846,1,172,567,252,112,570,96,256,0.8722,0.8002,0.9691,0.8707,0.9702,179.55,241.94,492.77,0.9848,0.97,0.7627,0.6164,1.0,1.0,0.6162,0.4453,0.8698,0.7696,1.0,1.0
350.png,True,0.5642,10,106,553,191,119,570,96,256,0.8516,0.7718,0.9174,0.9597,0.9841,160.05,239.17,470.03,0.9548,0.9134,0.5639,0.3927,0.7556,0.6072,1.0,1.0,0.8356,0.7176,1.0,1.0
1205.png,True,0.6963,1,160,569,242,114,570,96,256,0.9162,0.8603,0.9513,0.9707,0.9886,176.15,236.12,482.93,0.9684,0.9387,0.7035,0.5427,1.0,1.0,0.8915,0.8042,0.9339,0.876,1.0,1.0
694.png,True,0.773,0,138,568,233,133,570,96,256,0.8968,0.825,0.9641,0.9606,0.9884,156.04,232.77,458.33,0.979,0.9589,0.7785,0.6374,0.8413,0.726,0.8082,0.6781,0.974,0.9494,1.0,1.0
1684.png,True,0.5289,66,192,570,299,149,570,128,256,0.722,0.6426,0.9463,0.9558,0.9867,172.42,302.45,545.82,0.9674,0.9369,0.7529,0.6037,0.8445,0.7309,0.0,0.0,0.9059,0.828,0.8612,0.7563
406.png,True,0.8394,27,156,567,296,196,570,160,256,0.6792,0.6072,0.9332,0.8793,0.9871,155.11,396.64,624.5,0.9663,0.9348,1.0,1.0,0.8403,0.7246,0.8191,0.6937,0.0,0.0,0.4495,0.2899
384.png,True,0.7363,2,164,561,271,149,570,128,256,0.7256,0.6709,0.9804,0.8892,0.9746,156.99,452.73,698.19,0.9917,0.9835,0.7565,0.6084,0.6052,0.4339,1.0,1.0,0.0,0.0,1.0,1.0
404.png,True,0.7457,47,170,569,314,202,570,160,256,0.7536,0.7064,0.9514,0.9747,0.987,242.53,545.98,887.8,0.9718,0.9451,1.0,1.0,0.8875,0.7978,0.6624,0.4953,0.0,0.0,1.0,1.0
1636.png,True,0.6502,0,160,570,230,98,570,96,256,0.7514,0.6879,0.8647,0.8113,0.9722,231.68,343.76,666.24,0.9196,0.8512,0.8201,0.6951,1.0,1.0,0.7101,0.5505,0.0589,0.0303,1.0,1.0
696.png,True,0.8336,0,116,569,235,167,570,128,256,0.912,0.8484,0.9764,0.9782,0.9942,241.68,436.71,789.22,0.9866,0.9735,0.8071,0.6765,0.9065,0.8289,0.8004,0.6672,0.9713,0.9442,1.0,1.0
1664.png,True,0.4023,1,173,455,231,82,523,64,256,0.9139,0.8618,0.9667,0.9592,0.9753,238.38,243.4,581.01,0.9822,0.9651,0.704,0.5432,1.0,1.0,1.0,1.0,0.7972,0.6628,1.0,1.0
2793.png,True,0.6531,161,97,568,233,190,470,128,224,0.7268,0.6597,0.9787,0.7795,0.9731,250.06,461.18,801.22,0.9889,0.978,0.6993,0.5376,0.7917,0.6553,1.0,1.0,0.8809,0.7872,0.0,0.0
1494.png,True,0.6496,0,126,570,215,125,570,96,256,0.9093,0.856,0.9775,0.981,0.9834,246.84,358.93,727.13,0.9882,0.9767,0.7388,0.5857,1.0,1.0,1.0,1.0,0.729,0.5736,1.0,1.0
1183.png,True,0.3303,1,141,569,184,61,570,64,256,0.8432,0.7953,0.9278,0.9438,0.9643,159.58,175.24,416.22,0.9643,0.9311,0.8014,0.6686,1.0,1.0,0.2935,0.172,1.0,1.0,1.0,1.0
1890.png,False,0.0,0,0,570,380,380,570,256,256,0.8996,0.8503,0.9904,0.9623,0.9826,166.23,561.62,797.27,0.9952,0.9905,0.5706,0.3992,0.8318,0.712,1.0,1.0,1.0,1.0,1.0,1.0
2197.png,True,0.6227,0,151,568,208,79,570,64,256,0.8827,0.8077,0.9408,0.9378,0.98,154.75,179.44,405.08,0.9657,0.9337,0.7101,0.5505,1.0,1.0,0.8099,0.6806,0.8105,0.6814,1.0,1.0
795.png,True,0.7756,0,169,569,257,124,570,96,256,0.9489,0.9163,0.9767,0.9754,0.9918,156.19,248.59,480.56,0.9854,0.9712,0.7384,0.5853,1.0,1.0,1.0,1.0,0.9697,0.9411,1.0,1.0
1404.png,True,0.7087,1,39,534,195,218,570,160,256,0.6515,0.5462,0.9549,0.8135,0.9737,152.5,372.07,596.62,0.9835,0.9675,0.5669,0.3956,0.2616,0.1505,1.0,1.0,0.4712,0.3083,0.6257,0.4553
2402.png,True,0.6689,1,200,570,284,118,570,96,256,0.914,0.8625,0.9636,0.943,0.9682,162.76,253.08,491.49,0.9805,0.9617,0.6864,0.5225,1.0,1.0,1.0,1.0,0.8173,0.691,1.0,1.0
2308.png,True,0.7537,0,204,568,287,117,570,96,256,0.8636,0.777,0.9428,0.9297,0.9802,164.35,239.08,479.81,0.9681,0.9383,0.6774,0.5122,0.8408,0.7253,0.7715,0.628,0.9237,0.8583,1.0,1.0
1546.png,True,0.5624,3,156,567,217,85,570,64,256,0.8383,0.7525,0.9505,0.9804,0.9877,155.71,193.0,419.25,0.9734,0.9481,0.6416,0.4723,0.7019,0.5407,0.713,0.554,1.0,1.0,1.0,1.0
2524.png,True,0.5641,4,192,570,250,82,570,64,256,0.465,0.3883,0.9152,0.5215,0.9728,160.62,186.99,419.84,0.953,0.9102,0.4642,0.3022,0.0,0.0,0.8862,0.7957,0.4867,0.3216,0.0,0.0
2056.png,True,0.5025,226,65,570,177,156,396,128,192,0.6156,0.5717,0.9615,0.8147,0.9628,156.86,233.86,461.18,0.9839,0.9683,0.0,0.0,0.5386,0.3685,1.0,1.0,0.171,0.0935,1.0,1.0
1131.png,True,0.4983,3,219,558,265,64,570,64,256,0.8193,0.7302,0.9208,0.9711,0.9811,157.39,177.02,415.37,0.955,0.9139,0.7357,0.5819,1.0,1.0,0.6519,0.4836,0.5733,0.4018,1.0,1.0
2608.png,True,0.352,0,150,413,198,68,475,64,224,0.8453,0.7598,0.9315,0.8943,0.9791,155.83,190.64,415.28,0.9612,0.9254,0.6432,0.474,1.0,1.0,0.7158,0.5574,0.7516,0.602,1.0,1.0
2228.png,True,0.4102,113,184,505,259,105,510,96,256,0.5438,0.4868,0.9344,0.7104,0.9764,175.84,243.79,492.24,0.9649,0.9322,0.1212,0.0645,0.8365,0.7189,0.0,0.0,0.3403,0.2051,1.0,1.0
2533.png,True,0.7347,0,145,546,216,99,570,96,256,0.8214,0.7212,0.9099,0.8242,0.9771,157.11,242.84,476.55,0.954,0.912,0.5542,0.3834,0.8489,0.7375,0.7882,0.6504,0.7833,0.6438,1.0,1.0
1499.png,True,0.7448,0,129,570,219,126,570,96,256,0.7685,0.7272,0.975,0.7975,0.9784,180.29,238.33,487.99,0.9868,0.9739,0.7155,0.557,1.0,1.0,0.0,0.0,0.9085,0.8324,1.0,1.0
2464.png,False,0.0,0,0,570,380,380,570,256,256,0.5818,0.4823,0.9817,0.7824,0.9765,162.36,576.5,810.32,0.9905,0.9813,0.4522,0.2922,0.0,0.0,0.4842,0.3195,0.6943,0.5317,0.8696,0.7693
186.png,False,0.0,0,0,570,380,380,570,256,256,0.4989,0.3975,0.9951,0.6488,0.9192,162.57,558.64,792.08,0.9976,0.9951,0.3951,0.2462,0.4669,0.3045,0.381,0.2353,0.0,0.0,0.753,0.6039
