fname,detected,yolo_conf,box_x1,box_y1,box_x2,box_y2,crop_h,crop_w,seg_input_h,seg_input_w,dice,iou,pixel_accuracy,sensitivity,specificity,t_detect_ms,t_seg_ms,t_total_ms,dice_Background,iou_Background,dice_Retinal Layer,iou_Retinal Layer,dice_PED,iou_PED,dice_SRF,iou_SRF,dice_IRF,iou_IRF,dice_RPE,iou_RPE
892.png,True,0.5317,1,138,567,192,108,570,96,256,0.9366,0.8926,0.9795,0.9526,0.9659,152.64,227.68,451.94,0.9891,0.9785,0.8268,0.7047,1.0,1.0,0.8039,0.6722,1.0,1.0,1.0,1.0
687.png,True,0.4175,0,165,412,237,144,556,128,256,0.814,0.7153,0.9289,0.8594,0.9476,155.84,309.6,542.07,0.9616,0.926,0.6992,0.5376,0.692,0.5291,0.9302,0.8694,0.601,0.4296,1.0,1.0
533.png,True,0.5664,2,164,567,242,156,570,128,256,0.8663,0.8072,0.976,0.8917,0.9359,153.21,388.15,614.88,0.9878,0.9758,0.6195,0.4488,1.0,1.0,0.5904,0.4188,1.0,1.0,1.0,1.0
2913.png,True,0.4376,0,182,368,240,116,497,96,224,0.8278,0.7426,0.951,0.8665,0.9587,485.45,528.93,1160.37,0.9759,0.9529,0.6162,0.4453,0.7625,0.6162,0.6122,0.4411,1.0,1.0,1.0,1.0
1112.png,True,0.8425,0,135,569,268,265,570,192,256,0.635,0.5153,0.949,0.7424,0.9723,480.82,1260.87,1895.63,0.9833,0.9671,0.669,0.5027,0.1415,0.0761,0.5838,0.4122,0.8133,0.6853,0.6194,0.4486
154.png,True,0.4789,2,125,512,249,248,570,192,256,0.6784,0.6114,0.9716,0.7124,0.9795,172.67,407.48,655.69,0.9848,0.9701,1.0,1.0,0.9049,0.8263,0.4355,0.2784,0.0,0.0,0.7452,0.5939
49.png,True,0.5079,0,153,563,262,217,570,160,256,0.9209,0.8635,0.9716,0.9341,0.9763,152.54,366.62,594.96,0.9843,0.9691,0.8331,0.7139,1.0,1.0,0.9091,0.8333,0.7987,0.6649,1.0,1.0
2130.png,True,0.5607,4,186,569,256,140,570,96,256,0.8981,0.8309,0.9772,0.9512,0.9822,151.63,229.73,451.03,0.9879,0.9761,0.7393,0.5864,1.0,1.0,0.8012,0.6683,0.86,0.7544,1.0,1.0
1418.png,True,0.7424,1,32,549,177,249,570,192,256,0.9051,0.8418,0.9869,0.9299,0.9644,264.44,652.32,1011.6,0.9932,0.9865,0.7372,0.5838,0.8798,0.7854,1.0,1.0,0.8202,0.6952,1.0,1.0
2449.png,True,0.6046,31,167,568,240,145,570,128,256,0.8162,0.7141,0.9719,0.778,0.9657,233.9,428.88,752.16,0.9857,0.9718,0.6863,0.5224,0.6291,0.4589,0.8367,0.7193,0.7594,0.6121,1.0,1.0
2799.png,False,0.0,0,0,570,380,380,570,256,256,0.901,0.8467,0.9907,0.9241,0.9617,234.74,824.56,1154.27,0.9953,0.9906,0.6981,0.5362,0.7124,0.5533,1.0,1.0,1.0,1.0,1.0,1.0
2569.png,True,0.7352,0,99,568,212,225,570,160,256,0.9383,0.8956,0.9878,0.9539,0.9711,236.66,505.21,829.9,0.9937,0.9875,0.7867,0.6484,1.0,1.0,1.0,1.0,0.8491,0.7378,1.0,1.0
1541.png,True,0.6445,2,95,568,194,199,570,160,256,0.8565,0.764,0.9773,0.8743,0.9739,238.7,523.81,859.07,0.9888,0.9779,0.7199,0.5623,0.816,0.6892,0.8256,0.703,0.7889,0.6514,1.0,1.0
918.png,True,0.4365,2,127,559,185,116,570,96,256,0.9125,0.852,0.9812,0.9292,0.98,242.84,254.26,598.45,0.99,0.9803,0.7521,0.6027,0.8739,0.7761,0.8589,0.7527,1.0,1.0,1.0,1.0
2692.png,True,0.6317,1,190,566,270,160,570,128,256,0.8609,0.7691,0.9752,0.8938,0.9631,149.42,302.94,523.39,0.9874,0.9752,0.8136,0.6857,0.7961,0.6612,0.7485,0.5981,1.0,1.0,0.8198,0.6946
2905.png,True,0.68,1,169,441,254,169,570,128,256,0.8089,0.7145,0.9517,0.8521,0.956,160.61,289.18,522.14,0.9734,0.9482,0.7352,0.5812,0.8859,0.7952,0.7965,0.6618,0.4625,0.3008,1.0,1.0
967.png,True,0.688,0,211,569,279,136,570,96,256,0.8939,0.8288,0.97,0.8836,0.973,151.74,242.65,462.83,0.9834,0.9673,0.7846,0.6455,1.0,1.0,0.9171,0.8468,0.6785,0.5134,1.0,1.0
1251.png,True,0.7648,0,153,568,275,244,570,192,256,0.9346,0.8831,0.9625,0.9507,0.988,154.09,407.84,653.28,0.9801,0.961,0.8566,0.7492,1.0,1.0,0.8887,0.7997,0.882,0.7889,1.0,1.0
203.png,True,0.351,297,97,570,146,97,369,96,192,0.5585,0.4716,0.9582,0.7486,0.9606,157.39,228.18,454.84,0.9803,0.9613,1.0,1.0,0.2348,0.133,0.177,0.0971,0.5599,0.3888,0.3989,0.2491
349.png,True,0.5865,64,112,526,195,167,570,128,256,0.8901,0.8233,0.9562,0.9082,0.9734,150.74,280.81,503.2,0.9749,0.951,0.7376,0.5843,0.7005,0.539,1.0,1.0,0.9278,0.8653,1.0,1.0
2148.png,True,0.4215,2,122,477,241,239,570,192,256,0.6875,0.5998,0.966,0.895,0.9825,161.38,420.5,652.83,0.9813,0.9634,0.625,0.4545,0.8636,0.7599,0.8877,0.7981,0.7676,0.6228,0.0,0.0
43.png,True,0.6983,164,98,437,223,249,465,192,224,0.9485,0.9097,0.9685,0.9804,0.9888,150.66,376.75,595.06,0.9822,0.9651,1.0,1.0,1.0,1.0,0.8773,0.7814,1.0,1.0,0.8316,0.7118
2045.png,True,0.3627,0,131,393,245,228,531,160,256,0.8101,0.7178,0.9892,0.913,0.982,151.85,346.67,579.7,0.9945,0.989,0.5447,0.3743,1.0,1.0,0.8522,0.7425,0.8759,0.7792,0.5933,0.4218
911.png,True,0.8063,0,110,569,186,152,570,128,256,0.8041,0.7428,0.9726,0.7939,0.9846,150.36,304.99,525.23,0.9863,0.973,0.6714,0.5054,0.9065,0.829,0.2602,0.1495,1.0,1.0,1.0,1.0
1652.png,True,0.3096,0,191,314,231,80,424,64,192,0.7402,0.6883,0.9828,0.9191,0.9662,152.82,139.11,359.72,0.9914,0.9829,0.7965,0.6618,1.0,1.0,0.0,0.0,0.6534,0.4852,1.0,1.0
293.png,True,0.3997,107,60,565,263,365,570,256,256,0.8577,0.7802,0.99,0.9083,0.9721,167.34,563.12,799.46,0.9949,0.9899,0.6157,0.4448,0.7796,0.6388,0.756,0.6078,1.0,1.0,1.0,1.0
592.png,True,0.31,278,221,570,272,103,394,96,192,0.8038,0.7818,0.9662,0.8073,0.9215,147.86,183.13,402.29,0.9823,0.9651,0.8408,0.7254,0.0,0.0,1.0,1.0,1.0,1.0,1.0,1.0
1938.png,True,0.6048,3,150,569,220,140,570,96,256,0.9064,0.8451,0.9795,0.91,0.9725,160.16,240.93,470.11,0.9891,0.9785,0.7015,0.5403,1.0,1.0,0.8722,0.7733,0.8754,0.7784,1.0,1.0
221.png,True,0.6143,0,166,530,245,159,570,128,256,0.9045,0.8408,0.9615,0.9047,0.9755,149.87,279.41,499.51,0.9775,0.956,0.7698,0.6258,1.0,1.0,0.9156,0.8443,0.7644,0.6186,1.0,1.0
1624.png,True,0.4132,0,63,450,270,374,570,256,256,0.7671,0.7235,0.9925,0.8028,0.9848,156.95,548.59,773.73,0.9962,0.9925,0.7524,0.6031,0.8541,0.7454,0.0,0.0,1.0,1.0,1.0,1.0
2990.png,False,0.0,0,0,570,380,380,570,256,256,0.9138,0.8664,0.9914,0.9376,0.9665,151.78,643.74,867.32,0.9956,0.9913,0.6352,0.4654,1.0,1.0,1.0,1.0,0.8517,0.7418,1.0,1.0
27.png,True,0.8016,169,94,550,225,263,534,192,256,0.8943,0.8291,0.9657,0.9533,0.9879,237.18,619.9,948.49,0.9804,0.9615,1.0,1.0,1.0,1.0,0.8572,0.7501,0.6524,0.4841,0.8758,0.779
1927.png,True,0.5363,51,163,560,212,97,570,96,256,0.7545,0.6966,0.9454,0.7374,0.9422,223.71,325.39,642.35,0.9695,0.9409,0.1499,0.081,1.0,1.0,0.8996,0.8175,0.5079,0.3404,1.0,1.0
545.png,True,0.6778,1,176,569,233,113,570,96,256,0.7854,0.7474,0.9726,0.9502,0.9909,247.68,332.15,674.09,0.983,0.9666,0.8362,0.7186,0.0,0.0,0.9251,0.8606,0.9683,0.9385,1.0,1.0
679.png,True,0.7105,110,98,566,242,288,570,224,256,0.8972,0.8306,0.954,0.9028,0.9728,225.67,716.95,1031.52,0.9776,0.9561,1.0,1.0,0.6926,0.5297,0.8613,0.7563,0.8515,0.7414,1.0,1.0
1664.png,True,0.4023,1,173,455,231,116,570,96,256,0.9285,0.8813,0.9839,0.9629,0.9781,237.32,350.43,678.59,0.9916,0.9834,0.7819,0.6419,1.0,1.0,1.0,1.0,0.7972,0.6628,1.0,1.0
131.png,True,0.45,165,186,485,260,148,517,128,256,0.9583,0.9267,0.9893,0.9728,0.9947,245.93,388.94,732.6,0.9943,0.9887,1.0,1.0,0.9269,0.8637,1.0,1.0,0.8288,0.7077,1.0,1.0
1139.png,True,0.712,1,190,560,305,231,570,160,256,0.5932,0.5453,0.9799,0.6429,0.9836,151.34,359.42,602.47,0.9909,0.982,0.799,0.6653,0.769,0.6247,0.0,0.0,0.0,0.0,1.0,1.0
1734.png,True,0.7665,0,120,569,223,207,570,160,256,0.8537,0.7734,0.9802,0.9399,0.9783,150.88,339.46,560.61,0.9898,0.9798,0.6935,0.5308,1.0,1.0,0.6628,0.4956,0.7759,0.6339,1.0,1.0
710.png,True,0.5315,0,149,568,212,127,570,96,256,0.9577,0.9317,0.9846,0.9505,0.9505,171.85,226.15,466.67,0.992,0.9842,0.7545,0.6057,1.0,1.0,1.0,1.0,1.0,1.0,1.0,1.0
1171.png,True,0.6326,0,157,570,209,104,570,96,256,0.866,0.8067,0.9646,0.8383,0.9731,160.46,223.46,453.38,0.9794,0.9596,0.4529,0.2927,1.0,1.0,0.9424,0.8911,0.8213,0.6968,1.0,1.0
2535.png,True,0.6898,1,130,563,209,159,570,128,256,0.7943,0.7016,0.9473,0.7769,0.9735,175.19,286.77,533.32,0.9758,0.9527,0.7208,0.5635,0.8545,0.746,0.8302,0.7098,0.3844,0.2379,1.0,1.0
953.png,True,0.6815,1,222,570,289,135,570,96,256,0.9099,0.8515,0.9648,0.8939,0.9712,148.76,223.93,448.88,0.9798,0.9605,0.8199,0.6947,1.0,1.0,0.9482,0.9015,0.7116,0.5523,1.0,1.0
2703.png,True,0.6338,1,195,564,257,124,570,96,256,0.8985,0.8313,0.98,0.9338,0.9727,169.11,226.73,464.22,0.9895,0.9792,0.7673,0.6225,1.0,1.0,0.8601,0.7546,1.0,1.0,0.774,0.6313
786.png,True,0.4607,2,163,564,228,129,570,96,256,0.8558,0.7677,0.9658,0.8451,0.9726,155.32,223.96,449.27,0.9816,0.9639,0.81,0.6806,0.8469,0.7345,0.8734,0.7752,1.0,1.0,0.6228,0.4522
2110.png,True,0.731,0,74,568,156,164,570,128,256,0.7709,0.7331,0.9783,0.7868,0.9773,150.5,299.89,523.18,0.9883,0.977,0.6983,0.5364,0.0,0.0,1.0,1.0,0.9391,0.8851,1.0,1.0
2022.png,True,0.6662,11,99,567,190,183,570,128,256,0.7376,0.6051,0.9487,0.718,0.969,148.96,279.61,496.77,0.9766,0.9543,0.6308,0.4607,0.6368,0.4671,0.707,0.5468,0.8669,0.7651,0.6075,0.4362
2896.png,True,0.6409,0,161,570,253,184,570,128,256,0.6789,0.5996,0.9843,0.8039,0.9621,161.85,285.66,516.17,0.9926,0.9852,0.807,0.6764,0.0,0.0,0.6055,0.4342,0.6683,0.5019,1.0,1.0
1705.png,True,0.3619,10,167,569,267,200,570,160,256,0.8938,0.837,0.9528,0.8939,0.9195,149.91,342.87,565.42,0.9747,0.9506,0.7612,0.6144,1.0,1.0,1.0,1.0,0.6272,0.4568,1.0,1.0
1458.png,True,0.7877,0,134,570,260,252,570,192,256,0.9289,0.8815,0.9739,0.931,0.9923,172.05,406.45,651.73,0.9843,0.9691,0.7144,0.5557,1.0,1.0,0.9358,0.8794,0.9387,0.8845,1.0,1.0
1277.png,True,0.4583,4,161,568,217,112,570,96,256,0.8031,0.7816,0.9878,0.968,0.968,153.31,233.43,459.51,0.9937,0.9874,0.8248,0.7019,1.0,1.0,0.0,0.0,1.0,1.0,1.0,1.0
938.png,True,0.3054,273,223,569,273,100,401,96,192,0.9601,0.9348,0.9869,0.9604,0.9604,153.64,187.96,416.79,0.9932,0.9866,0.7671,0.6222,1.0,1.0,1.0,1.0,1.0,1.0,1.0,1.0
886.png,True,0.4549,54,142,567,197,111,570,96,256,0.8986,0.835,0.9676,0.8994,0.9804,151.53,233.08,454.36,0.9815,0.9636,0.6836,0.5193,1.0,1.0,0.9198,0.8516,0.8065,0.6757,1.0,1.0
1.png,True,0.7381,31,20,560,187,271,570,192,256,0.9011,0.8468,0.9868,0.9392,0.9731,164.88,408.27,642.02,0.9933,0.9866,0.6788,0.5138,0.7346,0.5805,1.0,1.0,1.0,1.0,1.0,1.0
2295.png,True,0.5263,0,154,401,284,260,541,192,256,0.7249,0.6697,0.9871,0.8905,0.9499,150.61,429.88,651.78,0.9934,0.9869,0.7366,0.583,0.6192,0.4484,1.0,1.0,0.0,0.0,1.0,1.0
1334.png,True,0.5799,0,182,569,277,191,570,160,256,0.9365,0.893,0.9926,0.9507,0.9689,251.49,526.33,847.64,0.9962,0.9925,0.8122,0.6838,1.0,1.0,1.0,1.0,0.8105,0.6814,1.0,1.0
1502.png,True,0.6983,1,128,570,215,175,570,128,256,0.9495,0.9128,0.9855,0.9545,0.9757,228.77,426.41,774.95,0.9924,0.9849,0.8007,0.6677,1.0,1.0,1.0,1.0,0.9036,0.8242,1.0,1.0
825.png,True,0.7615,1,141,380,366,351,513,256,256,0.7601,0.7129,0.9936,0.7988,0.9803,234.78,787.98,1113.56,0.9967,0.9935,0.7813,0.6411,0.7823,0.6425,0.0,0.0,1.0,1.0,1.0,1.0
2066.png,True,0.8283,11,95,570,264,337,570,256,256,0.6162,0.576,0.9702,0.8091,0.9915,245.29,751.21,1085.37,0.9858,0.9719,0.0,0.0,0.8375,0.7205,0.9174,0.8475,0.0,0.0,0.9563,0.9162
2315.png,True,0.7236,0,202,568,285,167,570,128,256,0.8804,0.7988,0.972,0.8928,0.977,252.0,435.24,787.87,0.9854,0.9712,0.7348,0.5808,0.8031,0.671,0.8842,0.7924,0.8746,0.7772,1.0,1.0
2848.png,True,0.4727,239,160,568,214,108,446,96,224,0.8406,0.769,0.9733,0.8294,0.9567,242.57,250.16,584.11,0.9861,0.9726,1.0,1.0,0.8255,0.7028,0.7932,0.6573,0.4388,0.2811,1.0,1.0
310.png,True,0.4839,2,89,565,186,193,570,160,256,0.9047,0.8388,0.9562,0.9287,0.9788,147.79,340.11,562.63,0.9762,0.9535,0.7575,0.6096,0.8486,0.737,0.8459,0.733,1.0,1.0,1.0,1.0
1323.png,True,0.3515,47,111,564,197,172,570,128,256,0.6909,0.6347,0.9808,0.6813,0.9164,152.43,300.73,522.26,0.9902,0.9805,0.6845,0.5203,0.4705,0.3076,0.0,0.0,1.0,1.0,1.0,1.0
1633.png,True,0.6428,0,158,570,227,137,570,96,256,0.6286,0.5725,0.931,0.8124,0.9598,155.19,227.01,457.6,0.9598,0.9228,0.738,0.5848,0.0,0.0,0.9132,0.8403,0.1609,0.0875,1.0,1.0
997.png,True,0.6323,1,120,503,198,156,570,128,256,0.7257,0.6723,0.9639,0.8648,0.9563,149.48,304.81,524.9,0.9898,0.9799,0.7853,0.6465,0.5788,0.4073,1.0,1.0,0.0,0.0,1.0,1.0
2633.png,True,0.8445,0,196,569,314,236,570,160,256,0.7758,0.6548,0.9728,0.8323,0.9859,152.95,344.09,567.22,0.9894,0.9791,0.6955,0.5331,0.841,0.7256,0.6874,0.5237,0.5762,0.4047,0.8652,0.7625
2991.png,True,0.4279,20,136,521,273,273,570,192,256,0.7258,0.6703,0.9869,0.8994,0.9615,170.13,405.17,645.16,0.9934,0.9869,0.6401,0.4707,0.0,0.0,1.0,1.0,0.7216,0.5644,1.0,1.0
596.png,True,0.6811,1,213,569,285,144,570,128,256,0.9184,0.8598,0.9688,0.9021,0.9864,154.1,284.52,505.09,0.9821,0.9648,0.7854,0.6467,1.0,1.0,0.9004,0.8189,0.8427,0.7281,1.0,1.0
629.png,True,0.8575,10,125,508,277,304,570,224,256,0.7611,0.6531,0.9658,0.8314,0.9792,160.52,461.01,700.21,0.9816,0.9639,0.4924,0.3266,0.9272,0.8643,0.8263,0.704,0.4941,0.3281,0.8452,0.7319
2718.png,True,0.6339,217,121,567,185,128,475,96,224,0.7804,0.7415,0.9837,0.8032,0.9837,150.0,227.16,446.31,0.9914,0.9829,0.8274,0.7056,1.0,1.0,0.0,0.0,0.8639,0.7603,1.0,1.0
2823.png,True,0.4144,2,84,528,142,116,570,96,256,0.7984,0.689,0.9346,0.8054,0.9509,154.48,224.53,448.45,0.9661,0.9345,0.7045,0.5438,0.8143,0.6868,0.6519,0.4835,0.6538,0.4857,1.0,1.0
1853.png,True,0.5394,0,206,566,249,87,570,64,256,0.775,0.7432,0.9493,0.9455,0.9457,150.93,164.62,383.02,0.9734,0.9483,0.6763,0.5109,1.0,1.0,0.0,0.0,1.0,1.0,1.0,1.0
2982.png,True,0.585,12,175,569,254,159,570,128,256,0.8,0.7183,0.9792,0.7536,0.9352,544.67,559.75,1197.94,0.99,0.9802,0.6837,0.5194,1.0,1.0,0.4237,0.2688,0.7025,0.5414,1.0,1.0
467.png,False,0.0,0,0,570,380,380,570,256,256,0.7848,0.7064,0.9902,0.877,0.982,151.49,524.33,747.5,0.9955,0.9911,0.3661,0.224,0.7415,0.5892,0.6054,0.4341,1.0,1.0,1.0,1.0
1549.png,True,0.5369,2,156,568,216,120,570,96,256,0.6548,0.568,0.963,0.7205,0.948,165.76,228.51,464.09,0.9829,0.9664,0.6844,0.5202,0.6151,0.4442,0.6463,0.4774,0.0,0.0,1.0,1.0
2102.png,True,0.9077,18,103,568,230,255,570,192,256,0.6856,0.5973,0.9492,0.8507,0.969,148.81,413.3,632.36,0.9733,0.9479,0.5929,0.4213,0.0,0.0,0.8732,0.775,0.8276,0.7059,0.8465,0.7339
2178.png,True,0.623,10,117,568,212,191,570,160,256,0.8939,0.8372,0.9655,0.9263,0.9762,152.81,348.54,582.35,0.9816,0.9639,0.6425,0.4733,1.0,1.0,0.7391,0.5861,1.0,1.0,1.0,1.0
2442.png,True,0.6219,1,183,569,258,151,570,128,256,0.8819,0.8094,0.9783,0.8837,0.9573,236.99,434.95,801.9,0.9886,0.9774,0.7044,0.5437,0.8412,0.726,1.0,1.0,0.7572,0.6092,1.0,1.0
213.png,True,0.6431,0,142,549,240,196,570,160,256,0.7658,0.7174,0.9067,0.7634,0.9239,239.49,529.49,860.83,0.9459,0.8974,0.7806,0.6402,1.0,1.0,0.8681,0.7669,0.0,0.0,1.0,1.0
1915.png,True,0.6624,1,79,456,164,169,570,128,256,0.8992,0.8388,0.9722,0.9014,0.9832,225.01,438.04,753.3,0.9853,0.971,0.6315,0.4614,0.8852,0.7941,0.893,0.8066,1.0,1.0,1.0,1.0
2378.png,True,0.8453,1,91,569,199,216,570,160,256,0.8247,0.7138,0.9588,0.8554,0.9766,246.31,505.47,851.42,0.9793,0.9594,0.7669,0.622,0.6661,0.4994,0.8996,0.8175,0.8148,0.6875,0.8214,0.697
804.png,True,0.5891,0,183,570,246,127,570,96,256,0.9657,0.9423,0.9833,0.9713,0.9713,225.94,349.23,661.9,0.9913,0.9827,0.8031,0.6709,1.0,1.0,1.0,1.0,1.0,1.0,1.0,1.0
3037.png,True,0.7257,164,140,563,266,252,546,192,256,0.7528,0.6765,0.9565,0.7969,0.983,244.49,637.93,976.19,0.9755,0.9522,0.1241,0.0662,0.8261,0.7037,1.0,1.0,0.8794,0.7848,0.7115,0.5522
2351.png,True,0.6664,1,147,570,242,191,570,160,256,0.8084,0.747,0.979,0.8242,0.9869,153.01,346.06,581.94,0.9892,0.9786,0.7427,0.5908,0.8711,0.7716,1.0,1.0,0.2474,0.1412,1.0,1.0
1289.png,False,0.0,0,0,570,380,380,570,256,256,0.9249,0.8781,0.9964,0.9305,0.9623,165.9,524.73,758.71,0.9982,0.9963,0.8265,0.7042,0.7247,0.5683,1.0,1.0,1.0,1.0,1.0,1.0
1580.png,True,0.6814,3,99,567,204,209,570,160,256,0.726,0.6552,0.9728,0.8794,0.9646,150.02,352.77,571.39,0.9868,0.974,0.7906,0.6536,0.0,0.0,0.7913,0.6547,0.787,0.6488,1.0,1.0
2484.png,True,0.8084,0,135,560,250,231,570,160,256,0.8223,0.736,0.9743,0.8049,0.9789,153.3,340.55,563.89,0.9851,0.9706,0.6366,0.4669,0.7632,0.617,0.5661,0.3948,0.983,0.9666,1.0,1.0
2779.png,True,0.6624,0,124,569,218,188,570,128,256,0.9219,0.8724,0.9677,0.923,0.9772,152.38,302.21,522.38,0.982,0.9647,0.6828,0.5184,1.0,1.0,0.913,0.8399,0.9536,0.9113,1.0,1.0
1756.png,True,0.5926,5,188,568,270,164,570,128,256,0.8948,0.8319,0.9787,0.9222,0.978,148.2,289.18,509.07,0.989,0.9783,0.6497,0.4812,0.917,0.8467,1.0,1.0,0.8131,0.685,1.0,1.0
2995.png,True,0.6975,0,97,569,172,151,570,128,256,0.9168,0.8589,0.9812,0.9369,0.9886,152.27,300.12,523.6,0.9898,0.9798,0.8155,0.6885,1.0,1.0,0.9195,0.851,0.7762,0.6342,1.0,1.0
616.png,True,0.4897,9,216,568,263,95,570,64,256,0.9628,0.9382,0.9815,0.9768,0.9768,151.97,163.08,383.5,0.9903,0.9808,0.7867,0.6484,1.0,1.0,1.0,1.0,1.0,1.0,1.0,1.0
2272.png,True,0.7536,0,28,435,177,251,570,192,256,0.8541,0.7802,0.9864,0.8599,0.9673,155.77,429.47,655.35,0.9937,0.9875,0.7628,0.6165,0.8297,0.709,0.5385,0.3684,1.0,1.0,1.0,1.0
2171.png,True,0.6994,25,123,569,224,201,570,160,256,0.6309,0.5529,0.9375,0.8091,0.9717,153.88,345.47,568.32,0.978,0.957,0.5248,0.3557,0.0,0.0,0.8344,0.7159,0.4479,0.2886,1.0,1.0
1210.png,True,0.8164,0,176,568,253,153,570,128,256,0.9145,0.8527,0.9625,0.8809,0.9618,163.59,291.36,524.95,0.9787,0.9583,0.7973,0.6629,1.0,1.0,0.8511,0.7408,0.8598,0.7541,1.0,1.0
2476.png,False,0.0,0,0,570,380,380,570,256,256,0.6615,0.5796,0.992,0.919,0.9707,151.89,551.09,772.81,0.9959,0.9919,0.0,0.0,1.0,1.0,0.5455,0.375,0.7281,0.5725,0.6997,0.5381
1995.png,True,0.6978,3,106,560,184,156,570,128,256,0.7183,0.6523,0.9758,0.9295,0.9814,157.31,289.05,516.07,0.9868,0.974,0.7043,0.5436,0.0,0.0,0.6867,0.5228,0.9323,0.8732,1.0,1.0
2308.png,True,0.7537,0,204,568,287,167,570,128,256,0.8318,0.7306,0.9636,0.8127,0.9609,148.44,309.43,528.33,0.9806,0.9619,0.702,0.5409,0.743,0.591,0.826,0.7036,0.7392,0.5863,1.0,1.0
1539.png,True,0.6482,1,97,569,198,201,570,160,256,0.8318,0.7302,0.9748,0.8551,0.9686,156.15,880.57,1121.67,0.9885,0.9773,0.7732,0.6303,0.7355,0.5816,0.7492,0.599,0.7443,0.5927,1.0,1.0
673.png,True,0.7179,161,140,569,234,188,552,128,256,0.7563,0.7001,0.9579,0.9296,0.9809,150.03,544.78,849.43,0.9774,0.9557,0.0,0.0,0.7749,0.6325,0.8971,0.8134,0.8883,0.7991,1.0,1.0
389.png,True,0.6046,1,157,531,259,204,570,160,256,0.9303,0.8856,0.9882,0.9796,0.9865,556.45,498.38,1570.27,0.9939,0.9879,0.856,0.7483,0.732,0.5773,1.0,1.0,1.0,1.0,1.0,1.0
1597.png,True,0.592,27,142,568,282,280,570,192,256,0.8727,0.7981,0.9818,0.9269,0.9817,242.74,614.13,947.08,0.9909,0.982,0.6905,0.5273,0.7189,0.5612,0.8361,0.7184,1.0,1.0,1.0,1.0
1046.png,True,0.3791,38,170,568,238,136,570,96,256,0.8803,0.809,0.9762,0.8741,0.9608,239.88,322.38,659.7,0.9874,0.9751,0.7488,0.5985,1.0,1.0,0.6741,0.5084,0.8714,0.7721,1.0,1.0
227.png,True,0.6279,0,178,567,256,156,570,128,256,0.8656,0.8014,0.9765,0.8401,0.9781,235.96,441.92,768.19,0.9871,0.9745,0.8352,0.7171,1.0,1.0,0.8876,0.7978,0.4837,0.319,1.0,1.0
2201.png,True,0.5219,2,131,570,202,143,570,96,256,0.8656,0.7767,0.9579,0.8837,0.9645,238.34,318.19,652.71,0.9764,0.954,0.7714,0.6279,1.0,1.0,0.8938,0.8079,0.7429,0.591,0.8091,0.6794
145.png,False,0.0,0,0,570,380,380,570,256,256,0.9586,0.9337,0.9998,0.9848,0.9848,161.58,559.54,790.57,0.9999,0.9998,0.7519,0.6024,1.0,1.0,1.0,1.0,1.0,1.0,1.0,1.0
977.png,True,0.6602,0,226,570,292,132,570,96,256,0.931,0.8787,0.9779,0.9324,0.9852,150.35,224.39,443.84,0.988,0.9763,0.8249,0.702,1.0,1.0,0.908,0.8315,0.8652,0.7624,1.0,1.0
880.png,True,0.4787,2,145,567,198,105,570,96,256,0.8639,0.7887,0.9514,0.8934,0.9751,151.02,225.25,456.19,0.9725,0.9464,0.5846,0.413,1.0,1.0,0.8483,0.7365,0.7778,0.6364,1.0,1.0
623.png,True,0.6122,1,226,570,285,119,570,96,256,0.9502,0.9158,0.9789,0.9552,0.9897,147.37,217.11,432.54,0.9877,0.9757,0.7713,0.6277,1.0,1.0,0.9424,0.8911,1.0,1.0,1.0,1.0
1907.png,True,0.4714,4,95,482,153,116,570,96,256,0.6976,0.6293,0.92,0.7913,0.9355,165.97,224.32,457.99,0.9742,0.9497,0.5973,0.4258,0.0959,0.0503,0.5182,0.3497,1.0,1.0,1.0,1.0
133.png,False,0.0,0,0,570,380,380,570,256,256,0.5533,0.5099,0.9904,0.7624,0.9921,146.23,544.89,763.84,0.9951,0.9902,0.0,0.0,0.8773,0.7814,0.0,0.0,0.4472,0.288,1.0,1.0
2801.png,True,0.4758,251,96,568,228,264,430,192,224,0.6511,0.569,0.9789,0.6507,0.9447,150.72,366.15,586.48,0.9907,0.9816,0.56,0.3889,0.5769,0.4054,1.0,1.0,0.7793,0.6383,0.0,0.0
1515.png,True,0.5782,0,180,565,251,143,570,96,256,0.7984,0.675,0.9712,0.8283,0.9684,152.48,237.53,459.65,0.9851,0.9707,0.8004,0.6673,0.7769,0.6352,0.7978,0.6636,0.7027,0.5417,0.7276,0.5718
897.png,True,0.4395,0,135,568,195,120,570,96,256,0.8463,0.7853,0.9774,0.8414,0.9686,154.5,220.67,442.28,0.988,0.9762,0.8645,0.7613,1.0,1.0,0.8555,0.7475,0.3697,0.2268,1.0,1.0
2248.png,True,0.3208,151,141,399,225,168,422,128,192,0.6815,0.6065,0.9359,0.7356,0.9828,150.3,272.49,492.38,0.9654,0.933,1.0,1.0,0.6991,0.5374,0.0,0.0,0.5323,0.3627,0.8924,0.8057
960.png,True,0.7216,1,219,570,289,140,570,96,256,0.9376,0.8904,0.9761,0.9561,0.9907,155.48,248.6,473.38,0.9862,0.9728,0.8072,0.6767,1.0,1.0,0.943,0.8921,0.8892,0.8005,1.0,1.0
585.png,True,0.6305,35,162,570,292,260,570,192,256,0.8728,0.7848,0.961,0.9407,0.9887,148.8,421.81,639.67,0.9784,0.9576,0.7903,0.6533,0.847,0.7346,1.0,1.0,0.7999,0.6666,0.8212,0.6966
1825.png,True,0.9214,1,137,569,291,308,570,224,256,0.772,0.6918,0.9737,0.7915,0.9864,152.44,470.95,711.89,0.9882,0.9767,0.6333,0.4634,0.2637,0.1519,0.8184,0.6926,0.9282,0.866,1.0,1.0
1518.png,True,0.6226,0,179,542,264,169,570,128,256,0.8034,0.6838,0.9699,0.8163,0.9643,163.37,290.03,522.75,0.9848,0.9701,0.6887,0.5252,0.711,0.5516,0.7821,0.6421,0.7843,0.6451,0.8694,0.769
2291.png,True,0.5067,0,150,558,283,265,570,192,256,0.9526,0.9185,0.9916,0.9853,0.9939,153.25,420.15,642.31,0.9956,0.9913,0.7973,0.663,0.9228,0.8566,1.0,1.0,1.0,1.0,1.0,1.0
2086.png,True,0.8754,0,94,570,225,263,570,192,256,0.5733,0.5132,0.9591,0.909,0.9771,148.26,396.34,616.68,0.9776,0.9562,0.7222,0.5652,0.0,0.0,0.0,0.0,0.9495,0.9039,0.7908,0.6539
2113.png,True,0.756,1,77,570,158,161,570,128,256,0.6776,0.6113,0.9774,0.8183,0.9636,152.95,301.1,526.99,0.988,0.9763,0.7098,0.5501,1.0,1.0,0.0,0.0,0.9214,0.8542,0.4462,0.2871
2035.png,True,0.3837,0,107,265,221,228,358,160,192,0.6272,0.533,0.9706,0.7714,0.9468,238.19,452.59,781.17,0.9868,0.974,0.2743,0.159,0.7435,0.5917,1.0,1.0,0.3023,0.178,0.4563,0.2955
2819.png,True,0.5162,0,54,568,142,176,570,128,256,0.5878,0.4822,0.9538,0.6917,0.9601,227.75,628.11,961.54,0.9778,0.9566,0.6114,0.4403,0.7543,0.6055,0.4051,0.254,0.7781,0.6368,0.0,0.0
2562.png,True,0.4602,12,129,569,171,84,570,64,256,0.6537,0.5674,0.9371,0.8069,0.9508,235.41,242.46,573.49,0.9658,0.9338,0.6512,0.4828,0.7611,0.6144,0.0,0.0,0.5439,0.3735,1.0,1.0
2069.png,True,0.9067,16,107,566,264,313,570,224,256,0.6221,0.5443,0.9692,0.6745,0.9893,227.86,685.15,1002.69,0.9853,0.971,0.2615,0.1504,0.8692,0.7687,0.8994,0.8172,0.0,0.0,0.7169,0.5587
2642.png,False,0.0,0,0,570,380,380,570,256,256,0.8727,0.8203,0.9869,0.8832,0.9782,222.65,807.8,1117.59,0.9933,0.9866,0.474,0.3106,0.7688,0.6245,1.0,1.0,1.0,1.0,1.0,1.0
57.png,True,0.6098,2,124,567,253,257,570,192,256,0.9308,0.8801,0.9837,0.9543,0.9862,237.1,480.45,809.86,0.9912,0.9825,0.7907,0.6538,1.0,1.0,0.87,0.77,0.9329,0.8742,1.0,1.0
1722.png,True,0.6757,1,185,493,274,177,570,128,256,0.8445,0.7647,0.9708,0.8779,0.9737,151.63,283.34,502.51,0.9847,0.9699,0.5982,0.4267,1.0,1.0,0.8175,0.6913,0.6667,0.5,1.0,1.0
2462.png,False,0.0,0,0,570,380,380,570,256,256,0.6239,0.5141,0.9835,0.7459,0.9781,158.49,532.16,759.5,0.9915,0.9832,0.6702,0.504,0.0,0.0,0.6402,0.4708,0.718,0.5601,0.7234,0.5666
1468.png,True,0.8838,0,113,570,263,300,570,224,256,0.9177,0.8558,0.9707,0.928,0.9911,147.05,481.71,697.55,0.9845,0.9695,0.8732,0.7749,0.7941,0.6585,0.8976,0.8142,0.957,0.9176,1.0,1.0
666.png,True,0.3395,59,155,487,267,224,570,160,256,0.9288,0.8842,0.9854,0.9613,0.9812,151.63,341.03,560.07,0.9924,0.985,0.7099,0.5502,0.8702,0.7702,1.0,1.0,1.0,1.0,1.0,1.0
26.png,True,0.7784,171,87,557,226,279,534,192,256,0.7343,0.6709,0.9701,0.9239,0.9873,163.94,402.23,632.32,0.9835,0.9676,1.0,1.0,0.0,0.0,0.8578,0.7511,0.6818,0.5172,0.8824,0.7895
1374.png,True,0.6037,9,122,569,201,159,570,128,256,0.9448,0.9069,0.9838,0.9476,0.9813,149.31,282.43,507.18,0.9913,0.9828,0.7633,0.6172,1.0,1.0,0.9141,0.8417,1.0,1.0,1.0,1.0
2893.png,True,0.5531,0,158,568,249,183,570,128,256,0.8248,0.7537,0.9732,0.8241,0.9536,147.53,286.2,514.56,0.9866,0.9735,0.6491,0.4805,0.8877,0.7981,0.4257,0.2704,1.0,1.0,1.0,1.0
670.png,True,0.4958,1,153,443,237,168,570,128,256,0.8626,0.7708,0.9485,0.8797,0.965,148.86,278.4,493.61,0.9711,0.9438,0.7529,0.6037,0.8264,0.7041,0.8555,0.7475,0.7696,0.6255,1.0,1.0
1339.png,True,0.6211,0,165,567,264,199,570,160,256,0.971,0.9503,0.9928,0.9766,0.9766,150.47,346.07,573.12,0.9963,0.9927,0.8297,0.709,1.0,1.0,1.0,1.0,1.0,1.0,1.0,1.0
2518.png,True,0.6177,7,188,569,252,128,570,96,256,0.87,0.7953,0.9331,0.8281,0.969,148.02,223.78,438.84,0.956,0.9156,0.7286,0.5731,1.0,1.0,0.898,0.8148,0.6377,0.4681,1.0,1.0
450.png,True,0.4979,2,85,568,184,199,570,160,256,0.7952,0.6893,0.9808,0.8102,0.9503,149.45,349.22,583.54,0.9906,0.9813,0.7686,0.6242,0.616,0.445,0.7828,0.6431,0.6133,0.4423,1.0,1.0
1184.png,True,0.445,0,134,569,189,111,570,96,256,0.8057,0.7852,0.9839,0.9607,0.9607,151.03,240.63,459.81,0.9915,0.9832,0.8426,0.7279,1.0,1.0,0.0,0.0,1.0,1.0,1.0,1.0
1868.png,True,0.3029,68,229,486,272,87,570,64,256,0.7819,0.7266,0.9505,0.7992,0.9473,146.85,166.66,383.28,0.9723,0.9461,1.0,1.0,0.8466,0.7341,0.7695,0.6254,0.1031,0.0544,1.0,1.0
2165.png,True,0.3659,4,134,489,253,239,570,192,256,0.7031,0.6162,0.9683,0.8718,0.9781,150.95,423.02,641.78,0.9844,0.9692,0.8281,0.7067,0.8177,0.6916,0.7224,0.5654,0.8662,0.7639,0.0,0.0
2694.png,True,0.7345,0,190,567,268,156,570,128,256,0.8171,0.7108,0.9614,0.8575,0.9508,150.26,272.05,492.33,0.9802,0.9612,0.7299,0.5747,0.7524,0.6031,0.7058,0.5454,1.0,1.0,0.7344,0.5802
1411.png,True,0.6119,3,73,536,197,248,570,192,256,0.7733,0.663,0.9737,0.8454,0.9673,143.95,410.87,623.26,0.9874,0.975,0.7319,0.5771,0.6839,0.5196,1.0,1.0,0.5334,0.3637,0.7035,0.5427
219.png,True,0.6607,7,151,568,244,185,570,128,256,0.9284,0.8748,0.972,0.9415,0.981,148.51,348.66,569.42,0.9842,0.9689,0.8044,0.6729,1.0,1.0,0.9036,0.8242,0.8783,0.7831,1.0,1.0
2199.png,True,0.6244,1,132,569,202,140,570,96,256,0.5354,0.4269,0.915,0.6109,0.9172,236.91,326.82,660.75,0.9555,0.9148,0.7333,0.5789,0.0,0.0,0.4117,0.2592,0.7256,0.5693,0.3863,0.2394
2124.png,True,0.5099,127,199,568,251,104,570,96,256,0.7928,0.7242,0.9524,0.7752,0.9287,232.58,336.01,655.18,0.9744,0.9501,0.6747,0.509,1.0,1.0,0.8489,0.7374,0.2586,0.1485,1.0,1.0
2349.png,True,0.8527,0,125,567,270,289,570,224,256,0.7113,0.6422,0.9779,0.7074,0.9882,224.81,704.76,1020.35,0.9914,0.9829,0.7583,0.6107,0.8899,0.8016,0.6282,0.458,0.0,0.0,1.0,1.0
67.png,True,0.3998,3,138,560,254,232,570,160,256,0.9257,0.8708,0.9807,0.9289,0.9761,230.1,494.05,818.1,0.9897,0.9796,0.8587,0.7524,1.0,1.0,0.8985,0.8158,0.8075,0.6771,1.0,1.0
48.png,True,0.5344,2,134,567,252,236,570,160,256,0.8973,0.8317,0.9802,0.9433,0.9847,244.0,518.97,851.03,0.9894,0.979,0.7156,0.5572,1.0,1.0,0.8944,0.809,0.7842,0.645,1.0,1.0
2962.png,True,0.7396,1,155,570,280,249,570,192,256,0.5605,0.4912,0.9798,0.6072,0.9764,237.64,536.29,863.2,0.9903,0.9807,0.8312,0.7112,0.7884,0.6507,0.7534,0.6043,0.0,0.0,0.0,0.0
2453.png,True,0.7159,3,172,569,255,167,570,128,256,0.7432,0.6415,0.9689,0.7339,0.9736,153.36,294.97,519.37,0.9878,0.976,0.7162,0.5579,0.773,0.6299,0.32,0.1905,0.662,0.4948,1.0,1.0
2082.png,True,0.6509,7,161,568,227,132,570,96,256,0.6469,0.5763,0.9616,0.8162,0.9587,155.72,223.14,456.12,0.9791,0.959,0.5954,0.4239,1.0,1.0,0.9015,0.8206,0.4057,0.2545,0.0,0.0
2773.png,True,0.655,0,127,568,213,172,570,128,256,0.9253,0.8734,0.9681,0.9169,0.9765,153.52,286.01,509.26,0.9818,0.9643,0.737,0.5835,1.0,1.0,0.9279,0.8656,0.9052,0.8268,1.0,1.0
1721.png,True,0.6262,0,191,491,273,164,570,128,256,0.8971,0.8298,0.974,0.9066,0.9768,147.91,291.23,517.34,0.9861,0.9725,0.7173,0.5592,1.0,1.0,0.8368,0.7193,0.8423,0.7276,1.0,1.0
1432.png,True,0.5272,18,129,568,236,215,570,160,256,0.7919,0.7662,0.9875,0.8056,0.9722,156.31,362.73,597.52,0.9936,0.9872,0.7577,0.6099,1.0,1.0,0.0,0.0,1.0,1.0,1.0,1.0
1098.png,True,0.6507,1,105,567,213,216,570,160,256,0.9717,0.9513,0.9914,0.9792,0.9792,146.56,347.3,563.07,0.9956,0.9912,0.8349,0.7166,1.0,1.0,1.0,1.0,1.0,1.0,1.0,1.0
205.png,False,0.0,0,0,570,380,380,570,256,256,0.8801,0.8094,0.9962,0.9548,0.9832,151.77,560.42,799.37,0.9982,0.9963,1.0,1.0,0.8208,0.6961,1.0,1.0,0.6511,0.4827,0.8106,0.6815
2886.png,True,0.5883,1,128,560,218,180,570,128,256,0.7044,0.6296,0.9529,0.7706,0.9599,156.11,286.8,512.76,0.9743,0.9499,0.8233,0.6997,0.6215,0.4509,1.0,1.0,0.8075,0.6771,0.0,0.0
285.png,True,0.4853,1,141,568,190,97,570,96,256,0.9117,0.8622,0.9713,0.8948,0.9345,150.21,226.85,455.46,0.9849,0.9702,0.6389,0.4694,1.0,1.0,0.8462,0.7334,1.0,1.0,1.0,1.0
1422.png,True,0.6349,0,166,569,259,185,570,128,256,0.8747,0.8083,0.9829,0.907,0.9863,152.64,298.85,520.9,0.9908,0.9818,0.6113,0.4402,1.0,1.0,0.9312,0.8712,0.715,0.5564,1.0,1.0
412.png,True,0.4731,66,165,565,298,265,570,192,256,0.9208,0.8727,0.9905,0.95,0.9844,150.19,413.43,641.58,0.9951,0.9903,1.0,1.0,0.8241,0.7008,0.7059,0.5455,1.0,1.0,1.0,1.0
2850.png,True,0.3224,251,170,568,215,89,430,64,224,0.7168,0.6613,0.9695,0.7162,0.9284,149.0,179.79,397.64,0.9842,0.9689,1.0,1.0,0.0,0.0,0.7614,0.6147,0.5551,0.3841,1.0,1.0
2585.png,True,0.3174,112,66,381,215,289,457,224,224,0.8464,0.7726,0.9763,0.8878,0.9853,151.41,471.67,692.17,0.9876,0.9755,1.0,1.0,0.4463,0.2872,0.9365,0.8806,0.8823,0.7894,0.8257,0.7031
1813.png,False,0.0,0,0,570,380,380,570,256,256,0.3768,0.3205,0.9738,0.6866,0.9511,155.9,599.31,824.53,0.9936,0.9873,0.707,0.5468,0.0,0.0,0.0,0.0,0.0,0.0,0.56,0.3889
2280.png,True,0.4607,14,188,512,262,148,570,128,256,0.7751,0.7341,0.9849,0.7715,0.9741,151.12,297.48,516.65,0.9929,0.9858,0.7889,0.6514,0.8686,0.7677,0.0,0.0,1.0,1.0,1.0,1.0
1840.png,True,0.8905,1,156,568,291,271,570,192,256,0.9298,0.8792,0.9856,0.9672,0.9926,151.63,409.93,632.31,0.9922,0.9846,0.7779,0.6365,1.0,1.0,0.8752,0.7781,0.9338,0.8757,1.0,1.0
2271.png,True,0.7755,0,28,389,174,247,525,192,256,0.8638,0.7944,0.9879,0.8557,0.9655,155.05,646.49,869.78,0.9944,0.9889,0.7987,0.6649,0.8564,0.7489,0.5334,0.3637,1.0,1.0,1.0,1.0
2664.png,True,0.6178,1,170,566,241,143,570,96,256,0.9293,0.8762,0.9827,0.9672,0.9849,234.44,347.2,669.67,0.9907,0.9817,0.8524,0.7427,1.0,1.0,0.9057,0.8276,0.8271,0.7052,1.0,1.0
220.png,True,0.6593,0,162,520,244,164,570,128,256,0.9322,0.8799,0.9662,0.934,0.9836,227.06,411.12,728.76,0.9799,0.9607,0.83,0.7094,1.0,1.0,0.9051,0.8266,0.8782,0.7828,1.0,1.0
2747.png,True,0.3289,58,192,552,246,108,570,96,256,0.7932,0.7397,0.9258,0.853,0.9261,250.74,333.96,677.55,0.964,0.9305,1.0,1.0,0.5048,0.3376,1.0,1.0,0.2906,0.17,1.0,1.0
1419.png,True,0.5374,1,31,554,177,250,570,192,256,0.8622,0.7871,0.9865,0.9277,0.979,226.3,605.4,921.38,0.9935,0.9871,0.7864,0.648,0.5946,0.4231,1.0,1.0,0.7984,0.6644,1.0,1.0
1822.png,True,0.9052,1,145,568,297,304,570,224,256,0.8714,0.7982,0.9711,0.9057,0.9792,232.43,763.06,1087.01,0.9878,0.976,0.7533,0.6042,1.0,1.0,0.6314,0.4613,0.8556,0.7477,1.0,1.0
158.png,True,0.4388,87,127,528,243,232,570,160,256,0.9474,0.909,0.9764,0.969,0.9872,159.86,372.97,627.83,0.9868,0.974,1.0,1.0,0.8953,0.8105,1.0,1.0,1.0,1.0,0.802,0.6695
973.png,True,0.6621,0,226,570,293,135,570,96,256,0.9458,0.9066,0.9813,0.9688,0.984,150.84,222.84,442.48,0.99,0.9802,0.8054,0.6742,1.0,1.0,0.8796,0.7851,1.0,1.0,1.0,1.0
2183.png,True,0.665,9,121,569,216,191,570,160,256,0.8119,0.7243,0.9496,0.8448,0.9768,151.43,364.23,583.88,0.9811,0.9629,0.6807,0.516,0.5949,0.4233,0.6145,0.4435,1.0,1.0,1.0,1.0
1555.png,True,0.7572,1,157,570,225,136,570,96,256,0.8311,0.7336,0.9631,0.8696,0.9707,148.22,223.1,439.43,0.9801,0.961,0.7036,0.5427,0.8357,0.7177,0.8376,0.7205,0.6296,0.4594,1.0,1.0
1547.png,True,0.7846,1,157,570,227,140,570,96,256,0.818,0.7179,0.9561,0.8308,0.9662,148.34,241.33,481.77,0.9801,0.961,0.6101,0.439,0.8193,0.6939,0.8347,0.7162,0.664,0.4971,1.0,1.0
1203.png,True,0.7007,0,172,558,243,143,570,96,256,0.9292,0.8809,0.9743,0.9442,0.9903,148.85,220.63,438.03,0.9848,0.97,0.7272,0.5713,1.0,1.0,0.9336,0.8754,0.9297,0.8687,1.0,1.0
1880.png,True,0.3538,157,163,569,286,247,557,192,256,0.6737,0.618,0.9801,0.7863,0.985,151.67,434.01,656.57,0.9923,0.9846,0.4285,0.2726,0.6212,0.4505,1.0,1.0,0.0,0.0,1.0,1.0
2245.png,True,0.71,104,134,391,231,193,487,160,224,0.7881,0.753,0.9683,0.9834,0.9896,143.95,361.31,575.65,0.9821,0.9648,1.0,1.0,0.8404,0.7247,1.0,1.0,0.0,0.0,0.9063,0.8287
1710.png,True,0.6444,0,165,569,270,209,570,160,256,0.702,0.6606,0.9536,0.8552,0.8919,149.42,371.6,595.07,0.9757,0.9525,0.89,0.8017,1.0,1.0,0.0,0.0,0.3466,0.2096,1.0,1.0
63.png,True,0.7028,1,119,570,248,257,570,192,256,0.91,0.8533,0.9817,0.967,0.9892,160.44,437.91,674.04,0.9901,0.9803,0.682,0.5174,1.0,1.0,0.8517,0.7417,0.9364,0.8805,1.0,1.0
2485.png,True,0.8162,1,133,567,246,225,570,160,256,0.8178,0.7256,0.9669,0.8445,0.974,154.01,359.64,588.75,0.9808,0.9624,0.6084,0.4372,0.6933,0.5306,0.6597,0.4923,0.9643,0.9311,1.0,1.0
1862.png,True,0.3529,110,234,490,275,81,570,64,256,0.6641,0.6002,0.8766,0.65,0.8878,159.26,170.8,405.16,0.9328,0.8741,1.0,1.0,0.4215,0.267,0.6303,0.4601,0.0,0.0,1.0,1.0
2820.png,True,0.5558,1,67,565,148,161,570,128,256,0.633,0.5227,0.9448,0.6932,0.9491,147.79,301.15,523.0,0.9714,0.9444,0.7738,0.631,0.6623,0.4951,0.6872,0.5234,0.7033,0.5424,0.0,0.0
2099.png,True,0.8626,25,126,569,228,204,570,160,256,0.6898,0.6049,0.9587,0.8591,0.9707,158.68,377.45,610.68,0.9772,0.9555,0.6222,0.4515,0.0,0.0,0.9254,0.8611,0.8643,0.7611,0.7499,0.5999
2180.png,True,0.6787,10,118,569,210,184,570,128,256,0.8983,0.8438,0.9715,0.9326,0.9779,151.13,303.33,523.26,0.9849,0.9702,0.6286,0.4584,1.0,1.0,0.7761,0.6342,1.0,1.0,1.0,1.0
2432.png,True,0.6769,0,160,567,225,129,570,96,256,0.7375,0.6744,0.9616,0.7493,0.9711,148.79,246.25,468.33,0.9782,0.9574,0.7092,0.5494,0.0,0.0,0.9046,0.8259,0.8329,0.7136,1.0,1.0
1769.png,True,0.664,14,216,568,286,140,570,96,256,0.9076,0.8423,0.9552,0.9242,0.9761,147.93,227.58,443.18,0.975,0.9512,1.0,1.0,0.8583,0.7518,0.7899,0.6528,0.8223,0.6982,1.0,1.0
2906.png,True,0.6607,7,171,455,258,175,570,128,256,0.7951,0.6848,0.952,0.8511,0.9819,149.84,305.2,524.25,0.9786,0.9581,0.6963,0.5341,0.7571,0.6092,0.6434,0.4742,0.6953,0.533,1.0,1.0
1087.png,True,0.7,1,111,569,210,199,570,160,256,0.9769,0.9591,0.9922,0.9796,0.9796,242.84,538.34,872.13,0.996,0.992,0.8653,0.7626,1.0,1.0,1.0,1.0,1.0,1.0,1.0,1.0
1211.png,True,0.7966,1,175,566,253,156,570,128,256,0.9319,0.8818,0.9751,0.9133,0.9772,237.83,425.07,774.58,0.9866,0.9736,0.7831,0.6436,1.0,1.0,0.9251,0.8606,0.8967,0.8128,1.0,1.0
822.png,True,0.6885,0,169,568,252,167,570,128,256,0.9548,0.9225,0.9852,0.9494,0.9783,244.5,443.28,775.91,0.992,0.9841,0.7923,0.656,1.0,1.0,1.0,1.0,0.9444,0.8947,1.0,1.0
143.png,False,0.0,0,0,570,380,380,570,256,256,0.6812,0.6245,0.9947,0.8532,0.9493,231.44,820.79,1137.79,0.9973,0.9947,0.0,0.0,1.0,1.0,0.4966,0.3303,0.5933,0.4218,1.0,1.0
1619.png,True,0.3776,0,67,441,277,380,570,256,256,0.8829,0.8284,0.9909,0.9707,0.9783,238.71,890.29,1219.53,0.9954,0.9909,0.5568,0.3858,0.7449,0.5935,1.0,1.0,1.0,1.0,1.0,1.0
405.png,True,0.7914,66,166,567,301,271,570,192,256,0.9513,0.9138,0.9659,0.9503,0.9746,174.54,451.5,742.1,0.9807,0.9622,1.0,1.0,0.8526,0.743,0.8747,0.7773,1.0,1.0,1.0,1.0
1577.png,True,0.677,0,94,568,206,224,570,160,256,0.8609,0.7857,0.975,0.88,0.9637,147.61,370.77,591.4,0.9869,0.9741,0.6193,0.4485,1.0,1.0,0.8594,0.7535,0.6999,0.5383,1.0,1.0
2024.png,True,0.4332,68,140,435,189,97,563,96,256,0.703,0.6433,0.9373,0.7158,0.9395,150.96,225.08,444.58,0.9684,0.9387,1.0,1.0,0.0,0.0,0.714,0.5552,0.5356,0.3657,1.0,1.0
1704.png,True,0.3234,233,176,568,268,184,454,128,224,0.9171,0.8713,0.9698,0.9231,0.9708,147.77,288.02,503.1,0.983,0.9665,0.6304,0.4603,1.0,1.0,1.0,1.0,0.8894,0.8009,1.0,1.0
398.png,True,0.7008,0,163,560,271,216,570,160,256,0.9535,0.9184,0.9921,0.9661,0.9809,148.44,349.72,569.46,0.9959,0.9919,0.8337,0.7149,0.8913,0.8039,1.0,1.0,1.0,1.0,1.0,1.0
2226.png,True,0.4161,169,186,265,226,80,164,64,96,0.6202,0.5876,0.8862,0.7768,0.9477,152.83,114.47,342.47,0.9357,0.8792,1.0,1.0,0.7852,0.6464,1.0,1.0,0.0,0.0,0.0,0.0
532.png,True,0.3631,1,154,567,243,177,570,128,256,0.9072,0.8547,0.9833,0.8933,0.9453,155.54,295.0,526.52,0.9915,0.9831,0.6719,0.5059,1.0,1.0,0.7801,0.6394,1.0,1.0,1.0,1.0
1971.png,False,0.0,0,0,570,380,380,570,256,256,0.7569,0.7092,0.9968,0.7994,0.9713,149.41,614.87,838.33,0.9984,0.9967,0.7387,0.5857,0.8044,0.6728,1.0,1.0,0.0,0.0,1.0,1.0
2174.png,True,0.7011,18,144,568,236,184,570,128,256,0.8899,0.8237,0.9743,0.8956,0.9835,151.97,293.22,518.39,0.9858,0.972,0.6562,0.4883,1.0,1.0,0.9031,0.8233,0.794,0.6583,1.0,1.0
2837.png,True,0.7563,211,130,374,207,153,277,128,128,0.5365,0.4572,0.9383,0.5085,0.9565,165.67,203.78,440.18,0.9675,0.937,0.0,0.0,0.867,0.7652,0.8306,0.7103,0.3872,0.2401,0.1667,0.0909
2655.png,True,0.6957,1,164,570,233,137,570,96,256,0.7669,0.7202,0.9681,0.7801,0.9839,172.97,234.69,478.03,0.9843,0.969,0.6499,0.4814,0.0514,0.0264,0.9156,0.8443,1.0,1.0,1.0,1.0
209.png,True,0.7112,0,131,570,238,215,570,160,256,0.9103,0.8471,0.9546,0.9024,0.9688,153.37,364.39,588.42,0.9732,0.9477,0.7957,0.6607,1.0,1.0,0.8969,0.813,0.7962,0.6614,1.0,1.0
2262.png,True,0.5536,115,138,390,226,176,467,128,224,0.876,0.8065,0.9579,0.9551,0.9794,151.94,271.63,494.17,0.9762,0.9536,1.0,1.0,0.6936,0.5309,0.6606,0.4932,1.0,1.0,0.9255,0.8614
2601.png,True,0.7417,129,78,535,220,284,570,192,256,0.7191,0.6605,0.9755,0.9121,0.992,164.33,424.03,656.71,0.9866,0.9736,1.0,1.0,0.0,0.0,0.9092,0.8335,0.882,0.7888,0.537,0.3671
435.png,True,0.7778,46,233,570,334,197,570,160,256,0.9265,0.8797,0.9837,0.931,0.9622,158.48,370.33,596.99,0.9917,0.9835,0.7297,0.5745,0.8375,0.7205,1.0,1.0,1.0,1.0,1.0,1.0
749.png,True,0.5918,0,154,568,244,180,570,128,256,0.9633,0.9391,0.9864,0.9703,0.9703,153.79,298.15,521.97,0.993,0.986,0.7869,0.6487,1.0,1.0,1.0,1.0,1.0,1.0,1.0,1.0
2089.png,True,0.8828,0,101,569,226,249,570,192,256,0.7341,0.6755,0.9729,0.7768,0.986,152.35,445.49,671.04,0.9849,0.9702,0.6687,0.5023,1.0,1.0,0.0,0.0,0.9652,0.9328,0.786,0.6474
359.png,True,0.5402,0,120,551,201,161,570,128,256,0.8816,0.8074,0.9647,0.8989,0.9864,196.33,449.71,714.7,0.9852,0.9709,0.7989,0.6652,0.7721,0.6289,1.0,1.0,0.7335,0.5792,1.0,1.0
737.png,True,0.6314,1,58,570,188,253,570,192,256,0.5086,0.4714,0.9875,0.6016,0.9603,234.1,620.97,966.58,0.9953,0.9906,0.8308,0.7106,0.0,0.0,0.0,0.0,0.2258,0.1272,1.0,1.0
2331.png,True,0.6492,0,168,567,270,204,570,160,256,0.79,0.7638,0.9879,0.8037,0.9703,230.35,532.41,854.58,0.9938,0.9876,0.7461,0.5951,1.0,1.0,1.0,1.0,0.0,0.0,1.0,1.0
653.png,True,0.4008,55,153,495,269,232,570,160,256,0.7813,0.6981,0.9711,0.8014,0.9517,245.99,521.05,873.75,0.9871,0.9745,0.6859,0.5219,0.4044,0.2534,1.0,1.0,0.6102,0.4391,1.0,1.0
1802.png,True,0.377,3,149,501,217,136,570,96,256,0.7942,0.7579,0.9685,0.7885,0.9749,231.82,354.44,681.58,0.9831,0.9667,0.026,0.0132,0.9033,0.8237,1.0,1.0,1.0,1.0,0.853,0.7437
2754.png,True,0.5508,118,162,548,240,156,570,128,256,0.7045,0.6272,0.94,0.899,0.9634,231.63,439.83,770.51,0.9681,0.9381,1.0,1.0,0.7913,0.6547,0.0,0.0,0.8096,0.6802,0.6578,0.4901
824.png,True,0.7432,1,177,567,254,153,570,128,256,0.9502,0.9168,0.9821,0.9422,0.9823,173.48,300.29,569.45,0.9899,0.9799,0.7573,0.6094,1.0,1.0,1.0,1.0,0.9537,0.9115,1.0,1.0
1675.png,False,0.0,0,0,570,380,380,570,256,256,0.9096,0.8573,0.9918,0.899,0.95,146.66,645.73,859.41,0.9959,0.9917,0.7321,0.5774,1.0,1.0,1.0,1.0,0.7299,0.5747,1.0,1.0
559.png,True,0.7444,0,152,567,246,188,570,128,256,0.9279,0.8759,0.9618,0.9276,0.979,149.3,289.02,505.19,0.9758,0.9528,0.7853,0.6466,1.0,1.0,0.8457,0.7326,0.9603,0.9237,1.0,1.0
1626.png,True,0.5762,1,166,569,232,132,570,96,256,0.8704,0.7962,0.9438,0.8755,0.974,157.82,234.88,471.89,0.9676,0.9373,0.8516,0.7416,1.0,1.0,0.7996,0.6661,0.6034,0.432,1.0,1.0
3042.png,True,0.4108,173,121,556,284,327,531,224,256,0.8101,0.722,0.9279,0.8844,0.9412,146.19,516.53,730.39,0.9601,0.9232,1.0,1.0,0.7548,0.6061,1.0,1.0,0.5702,0.3988,0.5756,0.4041
1511.png,True,0.5794,1,186,541,263,153,570,128,256,0.6328,0.5268,0.9438,0.687,0.9522,148.7,289.16,505.28,0.9693,0.9405,0.5986,0.4272,0.0,0.0,0.8535,0.7445,0.6805,0.5157,0.6951,0.5327
2076.png,True,0.7591,1,176,568,262,172,570,128,256,0.8499,0.7847,0.9547,0.8819,0.9856,150.52,322.15,541.25,0.976,0.9532,0.4128,0.2601,0.8375,0.7204,0.873,0.7747,1.0,1.0,1.0,1.0
950.png,True,0.6786,0,226,570,291,129,570,96,256,0.9275,0.8735,0.9711,0.9192,0.9826,150.72,223.82,444.64,0.9838,0.9682,0.8324,0.713,1.0,1.0,0.9229,0.8569,0.8257,0.7032,1.0,1.0
1220.png,True,0.7422,4,112,557,225,225,570,160,256,0.7697,0.7291,0.9746,0.9232,0.9702,151.96,385.78,607.56,0.9865,0.9733,0.0,0.0,0.9148,0.8429,1.0,1.0,0.7168,0.5586,1.0,1.0
2894.png,True,0.5917,0,157,563,249,184,570,128,256,0.7517,0.7009,0.9752,0.9217,0.9549,154.07,291.16,515.34,0.9872,0.9748,0.7464,0.5954,0.7767,0.635,0.0,0.0,1.0,1.0,1.0,1.0
2665.png,True,0.6362,1,170,568,232,124,570,96,256,0.9558,0.9218,0.9823,0.9584,0.9755,165.74,228.71,462.96,0.9905,0.9812,0.84,0.7241,1.0,1.0,0.9045,0.8257,1.0,1.0,1.0,1.0
1368.png,True,0.5588,87,115,569,217,204,570,160,256,0.9331,0.8858,0.9862,0.9528,0.9923,148.82,349.72,566.48,0.9925,0.9851,0.753,0.6039,1.0,1.0,0.9277,0.8652,0.9251,0.8606,1.0,1.0
1673.png,False,0.0,0,0,570,380,380,570,256,256,0.9187,0.8701,0.9912,0.9274,0.9633,178.25,571.85,824.06,0.9955,0.9911,0.6961,0.5339,1.0,1.0,1.0,1.0,0.8205,0.6957,1.0,1.0
2942.png,True,0.8291,0,131,569,238,215,570,160,256,0.8321,0.75,0.9832,0.8299,0.9884,154.06,385.43,610.7,0.9903,0.9809,0.7851,0.6462,1.0,1.0,0.5057,0.3384,0.976,0.953,0.7354,0.5816
461.png,True,0.5722,0,74,568,174,200,570,160,256,0.6455,0.5803,0.9846,0.8065,0.9628,153.94,357.0,585.14,0.9926,0.9853,0.7684,0.6238,0.0,0.0,0.8284,0.7071,0.2839,0.1654,1.0,1.0
3034.png,True,0.4949,412,139,569,288,297,213,224,96,0.8566,0.7723,0.9169,0.851,0.9446,172.18,247.11,495.78,0.9501,0.905,1.0,1.0,0.7611,0.6143,1.0,1.0,0.756,0.6077,0.6726,0.5067
0.png,True,0.6805,36,0,553,170,255,570,192,256,0.7735,0.7322,0.9847,0.7994,0.921,145.27,542.07,754.66,0.9922,0.9846,0.4817,0.3173,0.1673,0.0913,1.0,1.0,1.0,1.0,1.0,1.0
2379.png,True,0.6977,0,117,569,181,128,570,96,256,0.9409,0.8994,0.9804,0.9657,0.98,233.35,339.36,684.94,0.9896,0.9794,0.7869,0.6487,1.0,1.0,0.8688,0.7681,1.0,1.0,1.0,1.0
2548.png,True,0.661,6,162,516,233,143,570,96,256,0.6617,0.5931,0.941,0.6745,0.9556,242.1,321.45,651.24,0.9682,0.9383,0.8429,0.7285,0.0947,0.0497,0.8297,0.709,0.2349,0.1331,1.0,1.0
619.png,True,0.574,2,222,569,283,121,570,96,256,0.7379,0.6833,0.9758,0.7884,0.9706,229.14,337.04,655.9,0.9874,0.9751,0.723,0.5662,1.0,1.0,0.7168,0.5586,0.0,0.0,1.0,1.0
2679.png,True,0.6949,12,121,570,204,167,570,128,256,0.6846,0.6134,0.9686,0.7363,0.971,233.4,418.98,741.83,0.9857,0.9717,0.6328,0.4628,0.0,0.0,0.9147,0.8427,0.5748,0.4033,1.0,1.0
24.png,True,0.7504,162,120,545,221,201,542,160,256,0.5164,0.4645,0.9285,0.6757,0.9666,233.93,549.22,876.64,0.9781,0.9572,1.0,1.0,0.0,0.0,0.3648,0.2231,0.0,0.0,0.7554,0.6069
1933.png,True,0.5624,2,147,569,209,124,570,96,256,0.6714,0.5962,0.9499,0.8272,0.9587,238.63,367.11,699.74,0.9736,0.9485,0.5593,0.3882,0.0,0.0,0.8968,0.8129,0.599,0.4275,1.0,1.0
61.png,True,0.6618,1,128,569,251,247,570,192,256,0.8877,0.828,0.9786,0.9337,0.9893,182.16,457.0,727.63,0.9884,0.977,0.5621,0.3909,1.0,1.0,0.8525,0.743,0.9231,0.8572,1.0,1.0
2067.png,True,0.9081,0,97,567,267,340,570,256,256,0.6972,0.6353,0.9752,0.7273,0.9882,162.58,625.1,856.08,0.9864,0.9731,0.4364,0.2791,0.887,0.797,0.9395,0.886,0.0,0.0,0.9341,0.8764
2324.png,True,0.6452,0,199,569,282,167,570,128,256,0.735,0.6336,0.9579,0.7374,0.9552,151.15,307.85,528.51,0.9819,0.9645,0.8298,0.7092,0.5648,0.3935,0.6899,0.5266,0.3437,0.2075,1.0,1.0
1439.png,True,0.6009,15,175,568,262,175,570,128,256,0.8855,0.8134,0.9797,0.8846,0.9602,152.72,283.92,509.31,0.9894,0.9791,0.7313,0.5764,1.0,1.0,0.7674,0.6226,0.825,0.7021,1.0,1.0
1823.png,True,0.914,1,140,569,298,316,570,224,256,0.8748,0.793,0.9794,0.9412,0.9925,168.2,522.93,758.24,0.9886,0.9775,0.7772,0.6357,0.7244,0.5679,0.8258,0.7032,0.9327,0.8738,1.0,1.0
641.png,False,0.0,0,0,570,380,380,570,256,256,0.5648,0.5107,0.9977,0.7583,0.9656,147.76,623.17,840.18,0.9989,0.9977,0.7195,0.5619,0.0,0.0,0.6706,0.5044,0.0,0.0,1.0,1.0
1583.png,True,0.6443,1,101,568,211,220,570,160,256,0.8381,0.7447,0.9748,0.8364,0.9658,147.63,362.49,577.82,0.9868,0.9739,0.6576,0.4899,0.67,0.5037,0.8712,0.7718,0.8432,0.729,1.0,1.0
33.png,True,0.8011,140,86,516,221,271,562,192,256,0.6331,0.5781,0.9604,0.6334,0.9844,157.08,438.73,676.06,0.9819,0.9645,1.0,1.0,0.0,0.0,0.7945,0.659,0.16,0.087,0.8622,0.7578
2383.png,True,0.9064,0,72,568,209,273,570,192,256,0.8668,0.7757,0.9755,0.9177,0.988,172.07,447.8,690.17,0.9876,0.9756,0.7052,0.5446,0.8683,0.7673,0.9171,0.8468,0.8093,0.6797,0.9132,0.8402
1099.png,True,0.6545,0,104,570,197,185,570,128,256,0.9694,0.9478,0.9885,0.9819,0.9819,150.61,289.05,510.15,0.9941,0.9882,0.8225,0.6986,1.0,1.0,1.0,1.0,1.0,1.0,1.0,1.0
1936.png,True,0.4689,12,158,566,216,116,570,96,256,0.7575,0.6879,0.9617,0.7985,0.9443,174.63,229.41,474.81,0.9801,0.961,0.167,0.0911,1.0,1.0,0.7172,0.5591,0.6807,0.516,1.0,1.0
471.png,True,0.4518,0,52,494,262,367,570,256,256,0.9516,0.9172,0.9937,0.96,0.9784,149.39,598.82,817.77,0.9968,0.9936,0.7913,0.6546,1.0,1.0,1.0,1.0,0.9218,0.8549,1.0,1.0
677.png,True,0.7754,135,118,569,230,224,570,160,256,0.6701,0.5902,0.8926,0.8208,0.9264,155.39,353.31,576.84,0.9382,0.8837,0.0,0.0,0.5207,0.352,0.8865,0.7961,0.6752,0.5096,1.0,1.0
1691.png,True,0.5623,38,206,569,292,172,570,128,256,0.7095,0.6348,0.9696,0.6962,0.9591,149.02,309.62,526.86,0.9842,0.969,0.6781,0.513,0.8195,0.6942,1.0,1.0,0.7751,0.6327,0.0,0.0
2805.png,True,0.3866,0,134,569,234,200,570,160,256,0.6311,0.5433,0.9711,0.6762,0.9512,150.61,355.13,601.27,0.988,0.9763,0.5773,0.4058,0.6663,0.4995,1.0,1.0,0.5421,0.3719,0.0127,0.0064
407.png,True,0.8475,64,131,567,272,281,570,192,256,0.7652,0.6934,0.9534,0.771,0.9747,261.65,621.24,962.23,0.9821,0.9648,1.0,1.0,0.8327,0.7133,0.406,0.2547,1.0,1.0,0.3704,0.2273
609.png,True,0.6402,1,218,569,282,128,570,96,256,0.8931,0.8337,0.9766,0.8725,0.9845,249.3,322.0,661.6,0.9865,0.9734,0.8185,0.6928,1.0,1.0,0.9493,0.9035,0.604,0.4327,1.0,1.0
2320.png,True,0.7146,0,201,568,284,167,570,128,256,0.8552,0.7793,0.9777,0.8569,0.9743,220.92,440.09,749.18,0.9884,0.977,0.7911,0.6544,1.0,1.0,0.7919,0.6555,0.56,0.3889,1.0,1.0
986.png,True,0.8339,0,106,569,202,192,570,160,256,0.8609,0.7754,0.9785,0.8471,0.9827,230.86,518.52,840.99,0.9905,0.9811,0.7855,0.6467,0.8767,0.7805,0.8719,0.7729,0.6408,0.4714,1.0,1.0
101.png,True,0.8692,0,129,564,246,233,570,160,256,0.8426,0.7534,0.9767,0.8957,0.9847,230.0,546.44,874.79,0.9875,0.9753,0.6966,0.5345,0.9358,0.8794,0.7962,0.6615,0.6391,0.4697,1.0,1.0
1798.png,False,0.0,0,0,570,380,380,570,256,256,0.7887,0.7542,0.9881,0.9704,0.989,254.8,785.68,1134.05,0.9945,0.9891,0.0,0.0,0.8803,0.7862,1.0,1.0,1.0,1.0,0.8571,0.7499
324.png,True,0.719,0,67,420,218,294,567,224,256,0.8477,0.7566,0.973,0.8967,0.9799,162.57,485.59,717.27,0.9866,0.9736,0.7239,0.5673,0.876,0.7793,0.848,0.7362,1.0,1.0,0.6516,0.4832
181.png,True,0.3921,300,59,444,168,217,244,160,128,0.6851,0.6338,0.8912,0.8652,0.9655,150.75,252.19,471.46,0.98,0.9608,1.0,1.0,0.0,0.0,1.0,1.0,0.3673,0.225,0.7632,0.6171
1612.png,True,0.5072,238,214,569,271,113,448,96,224,0.912,0.8593,0.9724,0.9561,0.9771,149.93,246.04,463.96,0.9854,0.9713,0.716,0.5577,0.7708,0.6271,1.0,1.0,1.0,1.0,1.0,1.0
2333.png,True,0.7388,0,171,568,274,207,570,160,256,0.9342,0.8895,0.9867,0.9692,0.9798,147.68,361.49,576.74,0.9931,0.9863,0.7923,0.6561,0.8196,0.6944,1.0,1.0,1.0,1.0,1.0,1.0
2019.png,True,0.666,8,100,553,186,172,570,128,256,0.6926,0.6082,0.953,0.6979,0.9729,148.22,298.69,516.14,0.9759,0.9529,0.5915,0.4199,0.0,0.0,0.8559,0.7482,0.8678,0.7665,0.8648,0.7618
79.png,True,0.5529,2,76,569,133,113,570,96,256,0.9223,0.8758,0.9831,0.9176,0.9612,147.75,233.52,449.52,0.9912,0.9826,0.6842,0.5199,1.0,1.0,1.0,1.0,0.8585,0.7521,1.0,1.0
656.png,False,0.0,0,0,570,380,380,570,256,256,0.9212,0.8745,0.9933,0.9522,0.9758,154.71,606.8,827.69,0.9966,0.9932,0.6847,0.5205,0.8462,0.7334,1.0,1.0,1.0,1.0,1.0,1.0
2381.png,True,0.8264,0,79,567,195,232,570,160,256,0.8555,0.7578,0.9614,0.9092,0.9795,150.4,358.43,593.11,0.9784,0.9576,0.7645,0.6188,0.7255,0.5693,0.9257,0.8617,0.89,0.8019,0.8487,0.7372
2859.png,True,0.5066,3,125,499,201,152,570,128,256,0.7238,0.6525,0.9786,0.722,0.9627,150.2,308.62,527.24,0.9889,0.978,0.7915,0.655,0.7837,0.6444,0.7788,0.6377,1.0,1.0,0.0,0.0
1872.png,True,0.3126,52,234,525,276,84,570,64,256,0.6014,0.546,0.8992,0.5788,0.9254,159.01,192.0,425.51,0.94,0.8868,0.0,0.0,0.8146,0.6872,0.8086,0.6786,0.0454,0.0232,1.0,1.0
2889.png,True,0.8102,66,114,565,222,216,570,160,256,0.612,0.5203,0.9761,0.6842,0.9864,152.75,369.47,589.89,0.987,0.9743,0.6357,0.466,0.3998,0.2498,0.7189,0.5611,0.9307,0.8704,0.0,0.0
1027.png,True,0.5316,126,127,423,258,263,505,192,256,0.8181,0.715,0.9637,0.8946,0.9834,160.79,444.53,682.91,0.9803,0.9613,1.0,1.0,0.8155,0.6885,0.6883,0.5247,0.6429,0.4737,0.7818,0.6418
1469.png,True,0.904,0,111,570,262,303,570,224,256,0.7829,0.6991,0.9457,0.8129,0.9786,166.81,526.78,778.0,0.9765,0.9541,0.7038,0.5429,0.2975,0.1748,0.787,0.6488,0.9328,0.8741,1.0,1.0
1453.png,True,0.7483,0,182,568,276,188,570,128,256,0.7944,0.7646,0.9774,0.8065,0.9904,145.93,306.57,521.34,0.9866,0.9736,0.829,0.7079,1.0,1.0,0.9509,0.9063,0.0,0.0,1.0,1.0
1763.png,True,0.7591,58,182,569,286,208,570,160,256,0.8666,0.7868,0.9358,0.8807,0.9564,150.91,358.9,582.34,0.9624,0.9275,1.0,1.0,0.6929,0.5301,0.7222,0.5652,0.822,0.6978,1.0,1.0
823.png,True,0.7501,0,175,568,255,160,570,128,256,0.9689,0.9448,0.9891,0.9717,0.9902,148.74,319.17,539.29,0.9939,0.9879,0.8474,0.7352,1.0,1.0,1.0,1.0,0.972,0.9456,1.0,1.0
2499.png,True,0.7477,1,147,564,249,204,570,160,256,0.7979,0.7126,0.9624,0.826,0.9736,246.31,531.17,875.87,0.9809,0.9626,0.5423,0.3721,0.4665,0.3042,0.8612,0.7562,0.9366,0.8807,1.0,1.0
243.png,True,0.5718,254,46,570,251,353,427,256,192,0.6815,0.6042,0.9907,0.8895,0.9736,232.09,697.17,1023.96,0.9954,0.9908,0.5956,0.4241,0.8279,0.7064,1.0,1.0,0.0,0.0,0.6703,0.5041
3023.png,True,0.7704,0,67,550,205,274,570,192,256,0.8562,0.7859,0.9889,0.9013,0.9811,242.86,618.28,958.68,0.9944,0.9888,0.7748,0.6324,0.5091,0.3415,0.8589,0.7527,1.0,1.0,1.0,1.0
2139.png,True,0.4559,0,98,371,260,324,501,224,256,0.9005,0.8509,0.9853,0.9403,0.9801,227.65,681.14,1013.11,0.9924,0.9849,0.5766,0.4051,0.8341,0.7154,1.0,1.0,1.0,1.0,1.0,1.0
2618.png,True,0.8548,0,207,569,319,224,570,160,256,0.7629,0.6354,0.9625,0.7678,0.9823,240.07,533.91,882.78,0.9885,0.9772,0.8268,0.7047,0.6899,0.5266,0.7675,0.6227,0.5642,0.393,0.7405,0.5879
1318.png,True,0.6025,114,107,567,194,175,570,128,256,0.8773,0.8021,0.9753,0.8623,0.9547,172.39,289.17,553.49,0.9875,0.9753,0.7152,0.5567,0.7799,0.6392,1.0,1.0,0.7814,0.6412,1.0,1.0
1790.png,True,0.5151,4,137,531,197,120,570,96,256,0.9323,0.8813,0.9861,0.9476,0.9907,154.16,229.57,451.91,0.9925,0.9852,0.8134,0.6855,0.8847,0.7933,1.0,1.0,0.9034,0.8238,1.0,1.0
1233.png,True,0.7343,170,120,570,236,232,540,160,256,0.8866,0.8171,0.9798,0.88,0.9694,166.44,348.79,584.75,0.9898,0.9799,0.6693,0.5029,0.8377,0.7208,1.0,1.0,0.823,0.6992,1.0,1.0
482.png,True,0.3816,4,141,570,261,240,570,192,256,0.737,0.6711,0.978,0.8866,0.9741,150.82,431.32,650.69,0.9899,0.98,0.8256,0.703,0.0,0.0,0.8248,0.7019,0.7818,0.6418,1.0,1.0
301.png,True,0.6062,5,42,546,141,191,570,160,256,0.6923,0.6104,0.9214,0.6991,0.9504,147.75,352.19,569.67,0.9581,0.9196,0.0,0.0,0.719,0.5612,0.8124,0.6841,0.6643,0.4974,1.0,1.0
2976.png,True,0.6547,0,171,568,253,164,570,128,256,0.9186,0.8693,0.9834,0.9252,0.9639,148.02,297.2,513.99,0.9917,0.9835,0.7033,0.5424,1.0,1.0,0.8166,0.6901,1.0,1.0,1.0,1.0
2482.png,True,0.817,1,142,569,248,212,570,160,256,0.7958,0.7097,0.9597,0.8164,0.9653,150.14,356.38,575.68,0.9764,0.9539,0.7018,0.5405,0.3956,0.2465,0.7328,0.5783,0.9686,0.9391,1.0,1.0
237.png,True,0.6066,0,155,567,242,175,570,128,256,0.9405,0.8943,0.9721,0.9409,0.9801,155.37,298.06,522.03,0.9836,0.9677,0.8225,0.6985,1.0,1.0,0.9378,0.8829,0.8992,0.8168,1.0,1.0
91.png,True,0.8526,0,138,568,250,224,570,160,256,0.807,0.7001,0.9641,0.8711,0.9821,156.7,350.72,578.17,0.9797,0.9601,0.7282,0.5726,0.8802,0.7861,0.8742,0.7765,0.8591,0.753,0.5209,0.3522
1107.png,True,0.3163,1,218,536,263,89,570,64,256,0.754,0.7037,0.9731,0.9444,0.9683,165.66,171.02,410.25,0.9858,0.9719,0.7603,0.6133,0.0,0.0,0.7781,0.6368,1.0,1.0,1.0,1.0
1949.png,True,0.7791,3,188,555,266,156,570,128,256,0.8343,0.7325,0.9271,0.8496,0.9669,176.76,287.41,542.29,0.9644,0.9313,0.7944,0.6589,0.7646,0.6189,0.8055,0.6743,0.6767,0.5114,1.0,1.0
1145.png,True,0.7352,1,192,547,299,215,570,160,256,0.9245,0.8698,0.9854,0.9415,0.9879,164.72,344.57,599.2,0.9925,0.9851,0.8366,0.7191,0.9187,0.8497,0.7989,0.6651,1.0,1.0,1.0,1.0
956.png,True,0.7005,2,221,568,287,132,570,96,256,0.9405,0.8931,0.9721,0.9587,0.9894,153.81,227.54,459.61,0.9842,0.9689,0.8534,0.7443,1.0,1.0,0.9137,0.841,0.8916,0.8045,1.0,1.0
1329.png,True,0.3816,222,223,569,287,128,469,96,224,0.6714,0.5783,0.9645,0.7016,0.9686,167.44,213.3,450.91,0.989,0.9782,0.857,0.7498,0.3617,0.2208,1.0,1.0,0.4828,0.3182,0.3377,0.2031
1593.png,True,0.4786,97,142,486,228,172,570,128,256,0.874,0.7906,0.9783,0.8539,0.9752,149.95,285.68,505.34,0.9882,0.9768,0.7334,0.5791,0.8917,0.8046,1.0,1.0,0.8675,0.766,0.7631,0.6169
2901.png,True,0.6384,0,164,570,251,175,570,128,256,0.8081,0.7544,0.9802,0.8162,0.9635,168.82,283.64,520.51,0.9903,0.9807,0.8212,0.6966,0.8574,0.7505,0.1797,0.0987,1.0,1.0,1.0,1.0
2121.png,True,0.5459,30,204,568,258,108,570,96,256,0.8591,0.7785,0.9573,0.8762,0.967,153.11,228.43,449.24,0.9818,0.9642,0.7448,0.5934,1.0,1.0,0.7501,0.6001,0.6782,0.5131,1.0,1.0
2016.png,True,0.6621,4,111,533,189,156,570,128,256,0.659,0.5928,0.9739,0.8999,0.9884,170.49,287.62,526.6,0.9855,0.9714,0.2943,0.1725,0.0,0.0,0.8727,0.7742,0.9062,0.8285,0.8953,0.8104
334.png,True,0.6673,0,103,568,192,177,570,128,256,0.865,0.7997,0.9756,0.8739,0.988,199.66,445.34,714.66,0.9868,0.9739,0.7198,0.5623,1.0,1.0,0.9428,0.8918,0.5404,0.3702,1.0,1.0
2914.png,True,0.4757,0,185,519,248,127,570,96,256,0.6628,0.5823,0.9579,0.6897,0.9737,233.57,336.94,659.22,0.9781,0.9571,0.4947,0.3286,0.7878,0.6499,0.7163,0.558,0.0,0.0,1.0,1.0
1896.png,False,0.0,0,0,570,380,380,570,256,256,0.8945,0.841,0.9909,0.9463,0.9685,221.68,851.32,1160.19,0.9954,0.9909,0.6041,0.4328,0.7673,0.6224,1.0,1.0,1.0,1.0,1.0,1.0
664.png,False,0.0,0,0,570,380,380,570,256,256,0.6796,0.6328,0.9859,0.8539,0.9688,251.4,810.85,1148.0,0.9945,0.9891,0.7628,0.6166,0.3205,0.1908,1.0,1.0,0.0,0.0,1.0,1.0
1649.png,True,0.3538,0,178,553,229,103,570,96,256,0.8387,0.79,0.984,0.8117,0.9101,259.34,349.93,694.79,0.9918,0.9838,0.7258,0.5696,1.0,1.0,1.0,1.0,0.3146,0.1866,1.0,1.0
3030.png,True,0.6418,139,159,566,276,233,570,160,256,0.9191,0.8628,0.9639,0.9639,0.9848,238.75,485.66,812.74,0.9788,0.9585,1.0,1.0,0.915,0.8433,1.0,1.0,0.8844,0.7928,0.7361,0.5824
1762.png,True,0.7068,76,184,567,289,209,570,160,256,0.895,0.8239,0.941,0.8906,0.9575,151.38,350.8,571.18,0.9664,0.9349,1.0,1.0,0.8394,0.7233,0.7681,0.6235,0.7964,0.6617,1.0,1.0
2567.png,True,0.7696,1,98,568,215,233,570,160,256,0.9452,0.9061,0.9892,0.9442,0.9719,168.93,353.23,592.2,0.9944,0.9889,0.7947,0.6593,1.0,1.0,1.0,1.0,0.8818,0.7886,1.0,1.0
2365.png,True,0.7799,1,148,570,256,216,570,160,256,0.703,0.6303,0.974,0.7187,0.9882,157.94,347.16,573.38,0.9866,0.9735,0.7629,0.6166,0.8591,0.753,0.6097,0.4385,0.0,0.0,1.0,1.0
1219.png,True,0.689,1,112,500,224,224,570,160,256,0.681,0.6245,0.9497,0.8489,0.9609,155.93,340.81,576.76,0.9864,0.9732,0.0,0.0,0.6588,0.4912,1.0,1.0,0.4406,0.2825,1.0,1.0
2719.png,True,0.549,221,118,567,181,127,470,96,224,0.6029,0.5589,0.9772,0.6386,0.9752,150.34,208.55,427.88,0.9892,0.9786,0.8362,0.7185,0.0,0.0,0.0,0.0,0.7923,0.6561,1.0,1.0
1807.png,True,0.5453,154,134,466,223,177,525,128,256,0.5336,0.4756,0.9144,0.8251,0.9316,151.84,284.52,509.21,0.9617,0.9263,0.0,0.0,0.4834,0.3188,0.0,0.0,1.0,1.0,0.7567,0.6086
1845.png,True,0.4111,141,218,568,246,56,570,64,256,0.3757,0.3471,0.9032,0.8519,0.8524,157.01,166.13,388.48,0.9488,0.9025,0.3052,0.1801,0.0,0.0,0.0,0.0,0.0,0.0,1.0,1.0
970.png,True,0.6396,0,211,569,274,127,570,96,256,0.9188,0.861,0.9755,0.9287,0.9803,166.14,227.96,483.17,0.9866,0.9736,0.7939,0.6583,1.0,1.0,0.9148,0.8431,0.8173,0.691,1.0,1.0
1070.png,True,0.6105,2,114,429,279,329,570,224,256,0.9676,0.9454,0.9941,0.9916,0.9916,155.04,498.01,720.56,0.997,0.994,0.8086,0.6786,1.0,1.0,1.0,1.0,1.0,1.0,1.0,1.0
2310.png,True,0.7485,0,203,569,283,160,570,128,256,0.896,0.8214,0.9715,0.9135,0.9791,154.91,304.3,527.69,0.9846,0.9697,0.7713,0.6278,0.8498,0.7389,0.8495,0.7384,0.9209,0.8535,1.0,1.0
1413.png,True,0.6468,34,90,541,205,231,570,160,256,0.5635,0.4484,0.9628,0.7024,0.9438,152.18,369.78,591.84,0.9812,0.9632,0.5639,0.3927,0.0,0.0,0.5636,0.3924,0.7135,0.5546,0.5589,0.3878
540.png,True,0.5262,8,181,567,225,88,570,64,256,0.9469,0.9068,0.9587,0.9412,0.9704,150.94,175.13,395.84,0.9756,0.9524,0.8327,0.7133,1.0,1.0,0.8732,0.7749,1.0,1.0,1.0,1.0
2270.png,True,0.7448,0,30,413,177,251,558,192,256,0.8544,0.774,0.986,0.8841,0.9672,156.75,448.9,677.4,0.9932,0.9864,0.7455,0.5943,0.7135,0.5546,0.6743,0.5086,1.0,1.0,1.0,1.0
1728.png,True,0.7537,0,129,566,220,183,570,128,256,0.8705,0.794,0.9817,0.9178,0.9747,158.91,299.88,527.87,0.9905,0.9812,0.7508,0.601,1.0,1.0,0.7908,0.6539,0.6907,0.5275,1.0,1.0
600.png,True,0.7562,7,218,568,282,128,570,96,256,0.9484,0.9152,0.9808,0.9466,0.9909,169.9,226.94,465.13,0.988,0.9762,0.7393,0.5864,1.0,1.0,0.9629,0.9285,1.0,1.0,1.0,1.0
1795.png,True,0.5917,2,136,438,195,119,570,96,256,0.8843,0.8116,0.9553,0.8945,0.9827,160.57,231.83,461.22,0.9872,0.9748,0.8108,0.6818,0.7155,0.5571,1.0,1.0,0.7924,0.6562,1.0,1.0
691.png,True,0.7397,0,150,569,228,156,570,128,256,0.8944,0.8199,0.975,0.8868,0.975,162.89,301.28,535.09,0.9871,0.9746,0.8033,0.6712,0.8409,0.7255,0.7905,0.6535,0.9444,0.8947,1.0,1.0
1985.png,True,0.7238,3,94,569,188,188,570,128,256,0.7447,0.6813,0.9613,0.9227,0.972,150.94,378.1,600.54,0.979,0.9588,0.7983,0.6643,0.0,0.0,0.8491,0.7378,0.8417,0.7267,1.0,1.0
942.png,True,0.5259,220,193,568,248,111,472,96,224,0.7707,0.7282,0.976,0.7619,0.9583,230.94,316.64,647.58,0.9872,0.9748,0.7582,0.6105,0.8789,0.784,1.0,1.0,0.0,0.0,1.0,1.0
812.png,True,0.773,6,178,568,257,159,570,128,256,0.7968,0.77,0.9865,0.962,0.9874,236.28,441.84,763.1,0.9924,0.9849,0.8169,0.6905,1.0,1.0,0.0,0.0,0.9715,0.9447,1.0,1.0
22.png,True,0.4131,91,60,567,205,277,570,192,256,0.8781,0.8215,0.9881,0.9725,0.9779,229.87,683.46,1002.65,0.9939,0.9879,0.6974,0.5354,0.5774,0.4058,1.0,1.0,1.0,1.0,1.0,1.0
968.png,True,0.6935,0,211,568,280,137,570,96,256,0.9172,0.8594,0.9736,0.9196,0.9799,227.94,325.62,640.74,0.9861,0.9726,0.7819,0.6419,1.0,1.0,0.925,0.8605,0.8104,0.6812,1.0,1.0
2408.png,True,0.8366,0,166,568,263,193,570,160,256,0.788,0.7584,0.9869,0.9594,0.9909,240.25,569.39,895.58,0.9926,0.9853,0.7599,0.6128,1.0,1.0,0.0,0.0,0.9755,0.9521,1.0,1.0
1307.png,True,0.4196,66,106,562,199,185,570,128,256,0.8681,0.7908,0.9764,0.8917,0.9588,256.19,417.58,771.7,0.9887,0.9776,0.7038,0.543,0.7148,0.5562,1.0,1.0,0.8012,0.6683,1.0,1.0
647.png,True,0.7986,0,189,570,287,196,570,160,256,0.7488,0.6218,0.9554,0.8292,0.9765,151.37,362.16,582.77,0.9774,0.9558,0.7186,0.5609,0.8039,0.6721,0.5791,0.4075,0.5585,0.3874,0.8552,0.747
1280.png,True,0.3513,110,180,566,231,103,570,96,256,0.5946,0.565,0.9875,0.9038,0.9038,150.87,228.46,445.13,0.9936,0.9874,0.5738,0.4023,0.0,0.0,0.0,0.0,1.0,1.0,1.0,1.0
683.png,True,0.4409,1,176,374,236,120,505,96,256,0.8152,0.7416,0.9581,0.8938,0.9745,152.15,231.75,451.07,0.9821,0.9648,1.0,1.0,0.3587,0.2185,0.7646,0.619,0.7858,0.6472,1.0,1.0
2668.png,True,0.7118,0,162,570,244,164,570,128,256,0.6611,0.5985,0.9589,0.6621,0.973,154.68,297.91,548.17,0.9838,0.9681,0.8349,0.7165,0.0,0.0,0.8404,0.7247,0.3078,0.1819,1.0,1.0
999.png,True,0.6664,0,118,388,199,161,524,128,256,0.6632,0.5832,0.979,0.7756,0.9739,151.82,296.71,516.8,0.9919,0.984,0.8106,0.6815,0.6035,0.4322,0.5729,0.4015,0.0,0.0,1.0,1.0
3004.png,True,0.6962,0,98,567,172,148,570,128,256,0.763,0.7115,0.9783,0.7752,0.9861,153.2,290.9,513.16,0.9879,0.9762,0.7859,0.6473,1.0,1.0,0.9314,0.8716,0.8724,0.7738,0.0,0.0
1676.png,True,0.3116,111,169,568,246,153,570,128,256,0.6743,0.6219,0.9712,0.8239,0.9109,154.55,313.14,537.34,0.9851,0.9707,0.7042,0.5435,0.0,0.0,1.0,1.0,0.3566,0.217,1.0,1.0
1333.png,True,0.5535,0,178,569,282,208,570,160,256,0.9069,0.8433,0.9915,0.9002,0.9646,151.24,352.57,573.63,0.9957,0.9915,0.7949,0.6596,0.7881,0.6503,1.0,1.0,0.8627,0.7586,1.0,1.0
2627.png,True,0.7445,0,215,570,318,207,570,160,256,0.6239,0.5632,0.9879,0.8138,0.9585,157.02,367.16,591.34,0.9938,0.9877,0.7988,0.665,0.0,0.0,0.7713,0.6277,1.0,1.0,0.1794,0.0986
645.png,True,0.6792,1,209,570,286,153,570,128,256,0.6786,0.5799,0.9467,0.7354,0.9672,155.77,297.56,523.21,0.9746,0.9505,0.7534,0.6044,0.791,0.6542,0.7531,0.6039,0.0,0.0,0.7996,0.6661
2073.png,True,0.756,0,184,569,264,160,570,128,256,0.6578,0.6494,0.9725,0.8256,0.9867,177.21,294.01,548.26,0.9833,0.9671,0.0,0.0,1.0,1.0,0.9635,0.9295,1.0,1.0,0.0,0.0
2849.png,True,0.4352,239,163,566,214,103,445,96,224,0.8866,0.8164,0.9803,0.897,0.9728,154.03,227.36,449.29,0.9902,0.9807,1.0,1.0,0.8664,0.7643,0.7304,0.5754,0.7325,0.578,1.0,1.0
916.png,True,0.6132,33,125,569,191,132,570,96,256,0.6858,0.6124,0.9693,0.8158,0.9642,158.28,239.28,467.78,0.9858,0.9719,0.7962,0.6614,0.8222,0.6981,0.0,0.0,0.5108,0.343,1.0,1.0
2682.png,True,0.6997,14,119,569,195,152,570,128,256,0.8873,0.8156,0.9818,0.8991,0.9695,155.3,290.84,513.51,0.9905,0.9812,0.7409,0.5885,1.0,1.0,0.8187,0.693,0.7736,0.6309,1.0,1.0
317.png,True,0.7284,0,95,569,191,192,570,160,256,0.8519,0.7703,0.9708,0.8541,0.9562,152.74,369.86,590.21,0.9874,0.975,0.7249,0.5685,1.0,1.0,0.7354,0.5815,1.0,1.0,0.6638,0.4968
2887.png,True,0.755,0,125,548,218,185,570,128,256,0.6352,0.5741,0.9565,0.663,0.9706,165.7,297.42,531.54,0.9781,0.957,0.7951,0.6598,0.0,0.0,0.2053,0.1144,0.8327,0.7134,1.0,1.0
388.png,True,0.4164,0,157,548,263,212,570,160,256,0.9263,0.8804,0.9871,0.9723,0.9843,169.15,362.38,601.29,0.9934,0.9868,0.851,0.7406,0.7137,0.5549,1.0,1.0,1.0,1.0,1.0,1.0
1739.png,True,0.5403,3,186,570,268,164,570,128,256,0.8498,0.7723,0.9792,0.8758,0.9647,153.79,307.38,534.32,0.9902,0.9805,0.6783,0.5132,0.8332,0.7141,1.0,1.0,0.5973,0.4258,1.0,1.0
122.png,True,0.4002,200,190,556,260,140,495,96,224,0.6318,0.6076,0.958,0.783,0.9658,235.96,308.86,635.41,0.9853,0.971,1.0,1.0,0.8058,0.6747,0.0,0.0,0.0,0.0,1.0,1.0
2337.png,True,0.7125,0,170,568,274,208,570,160,256,0.851,0.7694,0.9807,0.8701,0.968,238.97,550.98,876.79,0.9911,0.9823,0.7068,0.5465,0.7203,0.5629,1.0,1.0,0.6881,0.5245,1.0,1.0
866.png,True,0.4286,2,158,566,209,103,570,96,256,0.7784,0.7381,0.9787,0.9431,0.9718,231.43,350.92,670.1,0.9886,0.9775,0.8536,0.7446,0.0,0.0,1.0,1.0,0.8281,0.7066,1.0,1.0
717.png,True,0.5812,0,163,570,219,112,570,96,256,0.7478,0.6845,0.9533,0.7334,0.9586,234.06,331.2,650.1,0.9816,0.9639,0.6018,0.4304,0.7901,0.653,0.1132,0.06,1.0,1.0,1.0,1.0
1265.png,True,0.6225,0,161,566,258,193,570,160,256,0.9424,0.9061,0.9762,0.9419,0.9843,237.33,518.11,860.24,0.9865,0.9734,0.7196,0.562,1.0,1.0,0.9482,0.9015,1.0,1.0,1.0,1.0
944.png,True,0.3575,209,198,569,250,104,487,96,224,0.7287,0.6708,0.9453,0.6978,0.9219,243.99,351.17,680.97,0.9705,0.9427,0.7399,0.5872,0.662,0.4948,0.0,0.0,1.0,1.0,1.0,1.0
1429.png,True,0.7084,22,167,569,273,212,570,160,256,0.9218,0.8686,0.9843,0.9287,0.9887,238.92,394.33,728.38,0.9915,0.9831,0.7308,0.5758,1.0,1.0,0.9311,0.871,0.8773,0.7814,1.0,1.0
2573.png,True,0.6971,0,102,566,212,220,570,160,256,0.77,0.7263,0.9857,0.9189,0.9597,164.64,359.64,599.56,0.9926,0.9852,0.8044,0.6728,1.0,1.0,0.0,0.0,0.8232,0.6995,1.0,1.0
1565.png,True,0.6422,89,104,567,205,201,570,160,256,0.8184,0.7206,0.9686,0.8382,0.9683,157.7,423.73,650.99,0.9847,0.9698,0.6482,0.4795,0.6003,0.4289,0.8571,0.75,0.8202,0.6952,1.0,1.0
2382.png,True,0.8789,0,77,568,201,248,570,192,256,0.8785,0.7885,0.9699,0.9157,0.9846,156.9,412.08,640.03,0.9833,0.9671,0.7984,0.6644,0.8718,0.7727,0.9207,0.8531,0.8555,0.7475,0.8412,0.726
2540.png,True,0.7158,0,124,569,193,137,570,96,256,0.9229,0.8807,0.9641,0.9075,0.9828,175.61,225.61,470.19,0.9774,0.9559,0.6304,0.4603,1.0,1.0,0.9294,0.8681,1.0,1.0,1.0,1.0
2936.png,True,0.8394,0,104,564,218,228,570,160,256,0.5827,0.5248,0.9654,0.6192,0.9867,153.12,353.01,574.38,0.9791,0.9591,0.8194,0.6941,0.0,0.0,0.0,0.0,0.9377,0.8827,0.7599,0.6128
263.png,True,0.4394,1,132,567,190,116,570,96,256,0.9116,0.8504,0.9755,0.9177,0.9674,164.96,228.24,459.34,0.9869,0.9742,0.753,0.6039,0.8821,0.7891,0.8472,0.7349,1.0,1.0,1.0,1.0
2996.png,True,0.6973,1,99,568,173,148,570,128,256,0.8777,0.8114,0.9782,0.8872,0.9879,153.51,291.68,512.63,0.988,0.9763,0.7299,0.5746,1.0,1.0,0.9305,0.8701,0.618,0.4471,1.0,1.0
2592.png,True,0.9371,109,38,421,218,308,530,224,256,0.7663,0.7178,0.9804,0.9635,0.9923,167.81,513.23,750.76,0.9903,0.9808,1.0,1.0,0.0,0.0,0.8947,0.8095,0.9396,0.8861,0.7734,0.6306
2040.png,True,0.3945,0,121,404,239,236,545,160,256,0.6798,0.5973,0.9867,0.6817,0.9341,158.26,370.35,596.62,0.9932,0.9865,0.4169,0.2634,1.0,1.0,0.1368,0.0734,0.6709,0.5048,0.8608,0.7557
206.png,True,0.3445,294,102,569,146,88,372,64,192,0.8069,0.7029,0.9525,0.8497,0.9544,157.72,165.58,391.81,0.9762,0.9534,1.0,1.0,0.7258,0.5696,0.5915,0.42,0.8468,0.7344,0.7011,0.5398
264.png,True,0.4746,0,133,566,192,119,570,96,256,0.9187,0.8594,0.978,0.9471,0.9785,154.5,241.37,463.36,0.9882,0.9767,0.8339,0.7152,0.8195,0.6942,0.8704,0.7705,1.0,1.0,1.0,1.0
2466.png,False,0.0,0,0,570,380,380,570,256,256,0.7892,0.6833,0.98,0.8951,0.9746,152.54,603.7,825.2,0.9897,0.9795,0.531,0.3615,1.0,1.0,0.7881,0.6504,0.716,0.5576,0.7105,0.551
1463.png,True,0.8574,0,106,570,249,287,570,224,256,0.955,0.919,0.977,0.9627,0.994,166.31,468.3,702.33,0.9856,0.9715,0.8426,0.7279,1.0,1.0,0.9338,0.8758,0.9683,0.9385,1.0,1.0
743.png,True,0.4268,2,181,468,243,124,570,96,256,0.7419,0.6449,0.9528,0.8057,0.9383,154.68,238.55,461.23,0.9761,0.9533,0.8882,0.7989,0.5164,0.348,0.3634,0.2221,0.7075,0.5473,1.0,1.0
1754.png,True,0.5753,5,185,569,269,168,570,128,256,0.8745,0.7988,0.9765,0.9007,0.9694,149.64,284.39,503.13,0.9884,0.9771,0.7609,0.6141,0.7975,0.6632,1.0,1.0,0.7,0.5384,1.0,1.0
2693.png,True,0.6548,0,190,567,271,161,570,128,256,0.8511,0.7558,0.966,0.8847,0.9561,148.35,299.87,518.64,0.982,0.9646,0.7424,0.5903,0.7419,0.5897,0.8146,0.6872,1.0,1.0,0.8255,0.7028
1066.png,True,0.6622,1,219,569,289,140,570,96,256,0.9449,0.9064,0.9835,0.9467,0.9715,228.81,339.65,649.47,0.9913,0.9828,0.7758,0.6337,1.0,1.0,0.9021,0.8216,1.0,1.0,1.0,1.0
2078.png,True,0.7916,1,178,567,263,169,570,128,256,0.6483,0.5768,0.9431,0.8181,0.9779,240.21,427.72,758.84,0.9765,0.954,0.35,0.2121,0.7119,0.5527,0.8517,0.7417,0.0,0.0,1.0,1.0
1643.png,True,0.3158,0,189,313,232,87,423,64,192,0.8924,0.8391,0.9799,0.8828,0.9484,225.31,203.81,522.76,0.9896,0.9794,0.7879,0.65,1.0,1.0,1.0,1.0,0.5768,0.4053,1.0,1.0
1306.png,True,0.3829,80,110,558,197,175,570,128,256,0.907,0.8539,0.9772,0.9005,0.9511,235.67,429.95,772.45,0.9881,0.9764,0.6772,0.512,0.7767,0.6349,1.0,1.0,1.0,1.0,1.0,1.0
2771.png,True,0.6681,1,147,568,233,172,570,128,256,0.763,0.7094,0.982,0.962,0.9859,229.37,409.51,728.68,0.9904,0.9809,0.8721,0.7732,0.0,0.0,0.8722,0.7733,0.8432,0.7289,1.0,1.0
2342.png,True,0.8367,0,134,568,263,257,570,192,256,0.7146,0.6444,0.9783,0.8914,0.9892,226.55,620.65,934.85,0.9892,0.9786,0.6995,0.5379,0.8877,0.7981,0.711,0.5516,0.0,0.0,1.0,1.0
491.png,True,0.6251,1,165,570,265,200,570,160,256,0.9295,0.8864,0.9931,0.9274,0.9823,241.74,470.77,806.51,0.9965,0.993,0.8826,0.7898,1.0,1.0,0.6978,0.5358,1.0,1.0,1.0,1.0
414.png,True,0.4938,70,163,568,287,248,570,192,256,0.9415,0.9017,0.989,0.9642,0.9874,154.45,404.58,627.37,0.9944,0.9889,1.0,1.0,0.8931,0.8068,0.7614,0.6147,1.0,1.0,1.0,1.0
1412.png,True,0.6299,2,76,464,199,247,570,192,256,0.6784,0.5469,0.9595,0.7626,0.9807,154.13,430.63,652.92,0.9827,0.966,0.6364,0.4667,0.5777,0.4062,0.8383,0.7216,0.3838,0.2375,0.6517,0.4833
828.png,True,0.8056,0,147,444,357,338,570,256,256,0.8815,0.8125,0.9887,0.8977,0.9839,151.17,553.45,772.53,0.9943,0.9886,0.8685,0.7676,0.786,0.6474,1.0,1.0,0.6405,0.4711,1.0,1.0
875.png,True,0.4987,1,136,568,201,129,570,96,256,0.912,0.8513,0.9779,0.9618,0.9833,146.27,222.49,437.8,0.9881,0.9765,0.8124,0.684,1.0,1.0,0.9021,0.8216,0.7697,0.6256,1.0,1.0
376.png,True,0.365,28,99,570,214,231,570,160,256,0.7717,0.73,0.9874,0.7927,0.9795,147.96,362.48,576.78,0.9935,0.987,0.7602,0.6132,1.0,1.0,0.0,0.0,0.8763,0.7799,1.0,1.0
1178.png,True,0.6028,1,149,570,201,104,570,96,256,0.7407,0.6913,0.9464,0.7336,0.9645,149.41,221.26,437.04,0.9695,0.9408,0.5973,0.4258,1.0,1.0,0.8772,0.7813,0.0,0.0,1.0,1.0
698.png,True,0.855,0,112,569,238,252,570,192,256,0.9263,0.8688,0.9829,0.9368,0.9868,149.05,433.23,649.54,0.991,0.9821,0.8134,0.6854,0.9254,0.8612,0.8928,0.8064,0.9349,0.8778,1.0,1.0
246.png,True,0.5626,247,56,570,239,331,436,224,224,0.8635,0.7921,0.9842,0.896,0.9824,150.87,483.77,704.07,0.9916,0.9833,0.6184,0.4476,0.8965,0.8124,1.0,1.0,1.0,1.0,0.6748,0.5092
1682.png,True,0.7607,72,202,570,304,204,570,160,256,0.8595,0.7694,0.9671,0.8913,0.9747,153.25,407.99,634.17,0.9826,0.9659,0.7943,0.6588,0.8651,0.7623,1.0,1.0,0.826,0.7035,0.689,0.5255
401.png,False,0.0,0,0,570,380,380,570,256,256,0.954,0.9277,0.9968,0.9718,0.9718,153.75,579.49,800.39,0.9984,0.9968,1.0,1.0,0.7256,0.5694,1.0,1.0,1.0,1.0,1.0,1.0
1616.png,True,0.5814,244,212,569,267,111,440,96,224,0.9485,0.9104,0.9864,0.9531,0.9744,150.72,214.45,432.3,0.9929,0.9858,0.8282,0.7068,0.8701,0.77,1.0,1.0,1.0,1.0,1.0,1.0
2526.png,True,0.6036,0,187,568,242,111,570,96,256,0.5235,0.4406,0.909,0.6661,0.9527,170.42,225.7,467.87,0.9458,0.8971,0.7603,0.6133,0.0,0.0,0.8031,0.671,0.6321,0.462,0.0,0.0
29.png,True,0.787,158,92,567,220,256,555,192,256,0.7863,0.7497,0.9671,0.9798,0.9878,150.04,416.15,634.52,0.9813,0.9632,1.0,1.0,0.0,0.0,0.8519,0.7421,1.0,1.0,0.8845,0.7929
96.png,True,0.7883,1,154,570,253,199,570,160,256,0.7016,0.6171,0.9594,0.7649,0.9767,154.93,354.27,599.1,0.9773,0.9556,0.7773,0.6358,0.7328,0.5783,0.7738,0.6311,0.9483,0.9016,0.0,0.0
1466.png,True,0.893,1,110,570,258,296,570,224,256,0.9291,0.8855,0.9785,0.9183,0.9939,154.63,488.75,712.98,0.9865,0.9733,0.682,0.5174,1.0,1.0,0.9338,0.8759,0.9724,0.9463,1.0,1.0
327.png,True,0.7117,1,64,526,215,291,570,224,256,0.8685,0.7817,0.974,0.9252,0.9874,152.5,714.0,935.77,0.9867,0.9738,0.7128,0.5537,0.8669,0.7651,0.8475,0.7353,1.0,1.0,0.7968,0.6622
1182.png,True,0.4859,1,145,569,186,81,570,64,256,0.7793,0.7393,0.9722,0.9583,0.9722,233.52,243.86,562.3,0.9849,0.9702,0.8218,0.6975,1.0,1.0,0.8688,0.7681,0.0,0.0,1.0,1.0
1760.png,True,0.7362,0,181,568,268,175,570,128,256,0.9143,0.8574,0.9753,0.9562,0.9884,241.0,408.07,735.96,0.9864,0.9732,0.7242,0.5676,0.8379,0.7211,1.0,1.0,0.9374,0.8822,1.0,1.0
2327.png,True,0.6445,0,174,568,274,200,570,160,256,0.9167,0.867,0.9891,0.9101,0.9671,235.82,518.8,849.73,0.9944,0.9889,0.8077,0.6774,0.6978,0.5359,1.0,1.0,1.0,1.0,1.0,1.0
570.png,True,0.5634,145,208,568,272,128,570,96,256,0.9326,0.8872,0.9874,0.9455,0.9723,234.31,319.09,641.38,0.9935,0.9871,0.796,0.6612,0.8059,0.6749,1.0,1.0,1.0,1.0,1.0,1.0
1373.png,True,0.6064,7,123,569,200,153,570,128,256,0.9456,0.9078,0.9832,0.9489,0.9799,242.64,430.18,768.07,0.991,0.9822,0.7719,0.6285,1.0,1.0,0.9107,0.836,1.0,1.0,1.0,1.0
2125.png,True,0.5052,136,202,568,253,103,570,96,256,0.8228,0.7525,0.9566,0.8235,0.9615,254.53,320.68,665.05,0.9761,0.9532,0.3479,0.2106,1.0,1.0,0.8025,0.6701,0.8101,0.6808,1.0,1.0
1602.png,True,0.5014,40,153,567,281,256,570,192,256,0.8976,0.8325,0.9822,0.9114,0.9783,154.95,405.84,629.98,0.9909,0.9819,0.6913,0.5283,0.8737,0.7757,0.8297,0.7089,1.0,1.0,1.0,1.0
1052.png,True,0.7646,0,209,570,293,168,570,128,256,0.9214,0.8687,0.976,0.9337,0.9848,152.16,293.99,524.58,0.9865,0.9734,0.7249,0.5685,1.0,1.0,0.8649,0.7619,0.9521,0.9086,1.0,1.0
2724.png,True,0.7124,0,132,566,223,183,570,128,256,0.7532,0.6813,0.9754,0.7576,0.9665,149.73,285.37,502.23,0.9878,0.9758,0.7568,0.6088,0.842,0.7271,1.0,1.0,0.8439,0.7299,0.0886,0.0463
119.png,True,0.4059,219,189,502,253,128,450,96,224,0.7837,0.7547,0.9517,0.9369,0.9742,152.9,213.67,438.07,0.9834,0.9673,1.0,1.0,0.7187,0.5609,1.0,1.0,0.0,0.0,1.0,1.0
1655.png,True,0.493,2,175,533,231,112,570,96,256,0.7497,0.699,0.9754,0.924,0.9631,151.1,228.25,447.33,0.9872,0.9748,0.7071,0.5469,1.0,1.0,0.0,0.0,0.804,0.6722,1.0,1.0
1319.png,True,0.3266,18,106,560,198,184,570,128,256,0.7793,0.751,0.9905,0.7928,0.9205,168.62,290.38,526.05,0.9952,0.9905,0.6806,0.5158,0.0,0.0,1.0,1.0,1.0,1.0,1.0,1.0
216.png,True,0.6943,0,147,524,243,192,570,160,256,0.8737,0.8132,0.9443,0.8628,0.9551,150.29,345.84,564.13,0.9674,0.9368,0.8773,0.7814,1.0,1.0,0.9148,0.8429,0.4826,0.318,1.0,1.0
1537.png,True,0.6268,1,89,568,192,207,570,160,256,0.5508,0.4786,0.9806,0.5496,0.9688,154.03,350.83,578.35,0.9909,0.982,0.7643,0.6185,0.8287,0.7075,0.7206,0.5633,0.0,0.0,0.0,0.0
1714.png,True,0.5256,0,205,488,282,153,570,128,256,0.9342,0.8904,0.9835,0.9574,0.98,154.33,298.52,519.72,0.9914,0.9829,0.7551,0.6066,1.0,1.0,0.859,0.7528,1.0,1.0,1.0,1.0
1188.png,True,0.6594,0,147,570,216,137,570,96,256,0.9649,0.9366,0.987,0.9762,0.9876,161.88,228.43,460.08,0.993,0.9862,0.8651,0.7623,1.0,1.0,0.9313,0.8714,1.0,1.0,1.0,1.0
2545.png,True,0.6406,2,173,546,237,128,570,96,256,0.8183,0.7152,0.9427,0.8397,0.9763,150.77,232.2,454.23,0.9681,0.9383,0.7716,0.6281,0.6333,0.4634,0.6884,0.5249,0.8483,0.7365,1.0,1.0
930.png,True,0.3257,253,211,566,259,96,427,96,192,0.8949,0.8484,0.9751,0.8675,0.9509,160.58,213.96,466.2,0.9868,0.9739,0.5091,0.3415,0.8734,0.7752,1.0,1.0,1.0,1.0,1.0,1.0
2134.png,True,0.3367,151,103,568,258,311,565,224,256,0.8971,0.8529,0.9896,0.9314,0.967,149.97,497.28,715.41,0.9947,0.9895,0.5056,0.3384,0.8824,0.7896,1.0,1.0,1.0,1.0,1.0,1.0
1761.png,True,0.5408,0,231,567,287,112,570,96,256,0.7863,0.7509,0.9689,0.7996,0.9828,151.95,228.92,451.29,0.9818,0.9642,0.0,0.0,0.9196,0.8511,0.8167,0.6902,1.0,1.0,1.0,1.0
789.png,True,0.6089,11,151,566,233,164,570,128,256,0.586,0.5283,0.9635,0.7743,0.972,149.07,307.41,525.05,0.9796,0.9601,0.7645,0.6188,0.889,0.8002,0.8831,0.7906,0.0,0.0,0.0,0.0
560.png,True,0.3964,3,174,568,217,87,570,64,256,0.813,0.733,0.9722,0.8098,0.9617,151.22,166.46,385.77,0.9852,0.9709,0.8096,0.6801,1.0,1.0,0.5991,0.4277,0.4844,0.3196,1.0,1.0
2909.png,True,0.7068,11,173,478,251,156,570,128,256,0.6955,0.6147,0.9517,0.8681,0.9806,154.48,314.1,538.21,0.977,0.955,0.0,0.0,0.759,0.6116,0.7115,0.5523,0.7258,0.5696,1.0,1.0
2438.png,True,0.5657,1,188,568,237,97,570,96,256,0.8522,0.794,0.9561,0.8569,0.9731,151.01,231.7,451.87,0.9749,0.951,0.37,0.227,1.0,1.0,0.8625,0.7583,0.9056,0.8275,1.0,1.0
47.png,True,0.7665,174,90,497,223,265,509,192,256,0.6137,0.5451,0.9382,0.7652,0.9833,151.03,633.87,855.83,0.9786,0.9581,1.0,1.0,0.0,0.0,0.6287,0.4585,0.2388,0.1356,0.8362,0.7185
835.png,True,0.7588,0,139,394,366,355,532,256,256,0.9281,0.8821,0.9935,0.9607,0.9796,247.31,851.75,1188.7,0.9967,0.9934,0.7397,0.5869,0.8319,0.7123,1.0,1.0,1.0,1.0,1.0,1.0
195.png,True,0.4123,0,90,407,159,137,549,96,256,0.5727,0.4999,0.9665,0.5641,0.8769,234.2,349.85,672.12,0.9828,0.9662,0.612,0.4409,0.0,0.0,1.0,1.0,0.1822,0.1002,0.6595,0.492
475.png,True,0.3707,0,45,452,257,363,570,256,256,0.8982,0.8488,0.9878,0.9381,0.9683,235.52,819.66,1142.27,0.9938,0.9877,0.5622,0.391,1.0,1.0,1.0,1.0,0.8331,0.714,1.0,1.0
2053.png,True,0.3938,239,64,570,179,231,447,160,224,0.7849,0.7575,0.9881,0.9627,0.9666,241.36,555.7,886.73,0.9941,0.9883,1.0,1.0,0.715,0.5564,1.0,1.0,0.0,0.0,1.0,1.0
1473.png,True,0.5598,2,184,569,251,135,570,96,256,0.949,0.9108,0.9818,0.969,0.9844,236.67,246.99,573.09,0.9903,0.9807,0.8422,0.7275,1.0,1.0,0.8616,0.7569,1.0,1.0,1.0,1.0
802.png,True,0.9029,0,121,562,258,273,570,192,256,0.9445,0.9035,0.9867,0.959,0.9935,149.1,439.99,657.45,0.9923,0.9848,0.7948,0.6595,1.0,1.0,0.9064,0.8288,0.9732,0.9479,1.0,1.0
672.png,True,0.6853,84,152,570,236,168,570,128,256,0.8741,0.7932,0.9572,0.8811,0.9794,160.04,291.78,519.98,0.9786,0.958,0.8074,0.677,0.6659,0.4991,0.9123,0.8388,0.8805,0.7864,1.0,1.0
2330.png,True,0.6564,0,171,564,269,196,570,160,256,0.9039,0.8502,0.9846,0.8932,0.9436,168.35,356.56,594.17,0.9921,0.9843,0.7524,0.603,0.6788,0.5138,1.0,1.0,1.0,1.0,1.0,1.0
2744.png,True,0.5471,46,138,487,245,215,570,160,256,0.8125,0.7202,0.9514,0.8312,0.9764,151.58,367.39,588.59,0.973,0.9474,1.0,1.0,0.8194,0.6941,0.4598,0.2986,0.8917,0.8046,0.7313,0.5764
3027.png,True,0.7037,6,115,567,245,260,570,192,256,0.6855,0.6094,0.9314,0.6931,0.9342,154.08,419.97,643.88,0.9613,0.9255,1.0,1.0,0.848,0.7361,0.0,0.0,0.5222,0.3534,0.7814,0.6412
2971.png,True,0.4567,2,118,433,242,248,570,192,256,0.831,0.7499,0.9891,0.9304,0.9859,154.22,433.46,656.44,0.9944,0.9889,0.7533,0.6043,0.6961,0.5339,1.0,1.0,1.0,1.0,0.5424,0.3721
1266.png,True,0.5083,26,162,568,220,116,570,96,256,0.9664,0.9434,0.9861,0.9652,0.9652,156.88,229.93,454.77,0.9928,0.9857,0.8057,0.6746,1.0,1.0,1.0,1.0,1.0,1.0,1.0,1.0
2163.png,True,0.354,0,114,411,217,207,555,160,256,0.6199,0.5486,0.976,0.8833,0.9755,168.85,360.91,615.56,0.9872,0.9748,0.1848,0.1018,0.8596,0.7538,0.8649,0.762,0.8228,0.6989,0.0,0.0
2471.png,True,0.3885,162,75,569,223,296,550,224,256,0.7826,0.6756,0.9811,0.813,0.9476,155.63,533.15,757.17,0.9903,0.9808,0.6018,0.4304,1.0,1.0,0.8204,0.6954,0.6022,0.4308,0.6809,0.5161
703.png,True,0.8104,0,126,569,242,232,570,160,256,0.9101,0.8441,0.9767,0.945,0.9879,154.13,353.81,581.96,0.9873,0.9749,0.7611,0.6144,0.8957,0.8111,0.9098,0.8345,0.9067,0.8294,1.0,1.0
2155.png,True,0.6107,26,128,518,274,292,570,224,256,0.7174,0.6438,0.9709,0.7466,0.986,152.48,510.22,730.81,0.9838,0.9682,0.0,0.0,0.8454,0.7321,0.8937,0.8078,0.9337,0.8757,0.6479,0.4792
896.png,True,0.5377,1,138,569,197,119,570,96,256,0.8929,0.8258,0.9788,0.8782,0.9683,152.32,225.67,445.09,0.9888,0.9778,0.8154,0.6884,1.0,1.0,0.8696,0.7693,0.6834,0.519,1.0,1.0
671.png,True,0.5805,1,153,551,241,176,570,128,256,0.8052,0.7114,0.9507,0.8324,0.9781,150.11,295.8,525.8,0.9732,0.9479,0.427,0.2715,0.752,0.6026,0.8384,0.7218,0.8403,0.7246,1.0,1.0
2011.png,True,0.5347,116,164,511,255,183,570,128,256,0.714,0.6432,0.9643,0.8624,0.9802,153.67,283.83,504.59,0.9904,0.981,0.6736,0.5078,0.0,0.0,1.0,1.0,0.7492,0.599,0.8709,0.7713
1914.png,True,0.6214,2,82,426,162,160,570,128,256,0.9174,0.8589,0.9719,0.9289,0.9823,156.24,289.03,515.17,0.986,0.9724,0.768,0.6234,0.8476,0.7355,0.9026,0.8224,1.0,1.0,1.0,1.0
2290.png,True,0.5672,0,143,555,281,276,570,192,256,0.945,0.9076,0.9904,0.9726,0.9856,152.68,491.21,713.55,0.995,0.9901,0.7622,0.6158,0.9128,0.8395,1.0,1.0,1.0,1.0,1.0,1.0
463.png,False,0.0,0,0,570,380,380,570,256,256,0.9061,0.8585,0.99,0.9591,0.978,229.24,887.48,1202.67,0.9949,0.9898,0.5882,0.4167,0.8535,0.7445,1.0,1.0,1.0,1.0,1.0,1.0
1493.png,True,0.6937,1,130,567,211,161,570,128,256,0.9466,0.9089,0.9874,0.9693,0.9824,225.21,424.88,737.01,0.9935,0.9871,0.7841,0.6449,1.0,1.0,1.0,1.0,0.9018,0.8212,1.0,1.0
2632.png,True,0.8241,0,213,569,311,196,570,160,256,0.4958,0.4043,0.9435,0.7281,0.9553,235.24,508.74,830.0,0.9747,0.9507,0.7295,0.5742,0.7123,0.5532,0.1066,0.0563,0.4513,0.2914,0.0,0.0
2712.png,True,0.4234,117,109,568,172,127,570,96,256,0.828,0.7984,0.9861,0.8239,0.9592,231.41,334.13,654.62,0.993,0.9862,0.8481,0.7362,1.0,1.0,1.0,1.0,0.1272,0.0679,1.0,1.0
790.png,True,0.604,0,154,568,231,153,570,128,256,0.6,0.5144,0.9491,0.6172,0.973,239.98,456.46,784.97,0.977,0.9551,0.7577,0.6099,0.753,0.6039,0.8806,0.7867,0.2316,0.131,0.0,0.0
1054.png,True,0.8376,6,197,569,297,200,570,160,256,0.9489,0.9081,0.9832,0.9635,0.9921,234.07,398.96,721.89,0.9903,0.9809,0.8477,0.7357,1.0,1.0,0.9029,0.8229,0.9523,0.909,1.0,1.0
2463.png,False,0.0,0,0,570,380,380,570,256,256,0.7358,0.6002,0.9818,0.7583,0.9713,152.43,556.63,776.71,0.9906,0.9815,0.6453,0.4764,0.7199,0.5623,0.6034,0.4321,0.7781,0.6368,0.6773,0.5121
712.png,True,0.5812,0,156,568,229,145,570,128,256,0.9177,0.8708,0.9806,0.9091,0.9518,168.51,286.45,523.85,0.9899,0.98,0.6514,0.483,1.0,1.0,0.8647,0.7616,1.0,1.0,1.0,1.0
926.png,True,0.5053,1,130,563,185,111,570,96,256,0.9097,0.8585,0.9852,0.9564,0.9698,151.42,228.1,448.65,0.9923,0.9847,0.802,0.6694,1.0,1.0,0.6641,0.4971,1.0,1.0,1.0,1.0
8.png,True,0.7106,21,7,561,174,258,570,192,256,0.732,0.6826,0.9822,0.7539,0.9564,169.89,420.08,660.69,0.9909,0.9819,0.5614,0.3902,0.8395,0.7234,0.0,0.0,1.0,1.0,1.0,1.0
1745.png,True,0.6857,0,175,570,260,169,570,128,256,0.6563,0.5709,0.9529,0.8091,0.968,156.87,287.72,513.51,0.974,0.9492,0.7683,0.6237,0.8769,0.7808,0.0,0.0,0.8863,0.7957,0.4327,0.2761
1534.png,True,0.5715,4,89,569,192,207,570,160,256,0.7319,0.6197,0.9718,0.7602,0.9593,152.68,349.76,594.72,0.9878,0.9759,0.7079,0.5478,0.615,0.4441,0.6299,0.4598,0.4507,0.2909,1.0,1.0
827.png,True,0.7663,0,136,405,341,346,547,256,256,0.9168,0.8572,0.9913,0.9363,0.9902,154.03,603.1,826.46,0.9956,0.9913,0.8174,0.6912,0.8619,0.7574,1.0,1.0,0.8258,0.7033,1.0,1.0
2448.png,True,0.6154,92,168,568,242,148,570,128,256,0.8028,0.7003,0.9649,0.8164,0.9662,162.5,300.09,532.39,0.9831,0.9667,0.632,0.4619,0.6307,0.4606,0.8765,0.7801,0.6948,0.5323,1.0,1.0
936.png,True,0.3613,265,218,569,271,105,411,96,192,0.8751,0.8168,0.9741,0.8404,0.9233,156.74,186.36,420.21,0.9866,0.9735,0.675,0.5094,0.5892,0.4176,1.0,1.0,1.0,1.0,1.0,1.0
1401.png,True,0.6278,1,35,492,194,274,570,192,256,0.6029,0.4931,0.9784,0.5887,0.9562,155.76,426.78,657.8,0.9902,0.9807,0.69,0.5267,0.0,0.0,0.5241,0.3551,0.6622,0.495,0.7507,0.6008
696.png,True,0.8336,0,116,569,235,239,570,192,256,0.9194,0.8586,0.983,0.9309,0.9873,152.66,410.9,632.18,0.9907,0.9815,0.7937,0.6579,0.894,0.8083,0.8847,0.7932,0.9534,0.9109,1.0,1.0
2638.png,True,0.5011,235,168,569,289,241,452,192,224,0.7991,0.7159,0.9723,0.7836,0.9221,155.24,416.93,642.74,0.9858,0.972,0.7418,0.5896,0.4632,0.3014,1.0,1.0,0.6038,0.4325,1.0,1.0
455.png,True,0.5532,0,72,563,171,199,570,160,256,0.956,0.9295,0.9855,0.9593,0.9593,155.76,349.76,576.25,0.9925,0.9852,0.7436,0.5919,1.0,1.0,1.0,1.0,1.0,1.0,1.0,1.0
2156.png,True,0.5583,22,124,538,273,297,570,224,256,0.8084,0.6986,0.9571,0.9199,0.9847,165.7,536.06,771.38,0.9758,0.9527,0.6206,0.4499,0.7854,0.6467,0.9192,0.8505,0.8865,0.7961,0.6629,0.4957
1556.png,True,0.3214,92,61,547,279,380,570,256,256,0.5876,0.5273,0.983,0.8108,0.966,154.45,649.53,874.42,0.9921,0.9844,0.1829,0.1006,0.0,0.0,0.4918,0.3261,1.0,1.0,0.8587,0.7525
934.png,True,0.4635,267,213,570,265,104,409,96,192,0.7132,0.6545,0.9639,0.6812,0.9296,230.52,300.88,623.55,0.9819,0.9644,0.6121,0.441,0.6853,0.5213,0.0,0.0,1.0,1.0,1.0,1.0
642.png,True,0.4009,1,185,553,244,119,570,96,256,0.7078,0.6499,0.9783,0.9142,0.9552,231.3,335.57,652.56,0.9889,0.978,0.6797,0.5148,0.0,0.0,0.5782,0.4067,1.0,1.0,1.0,1.0
255.png,True,0.5867,137,53,570,286,380,570,256,256,0.9177,0.8887,0.9881,0.9546,0.9546,254.56,830.05,1179.02,0.994,0.988,0.512,0.3441,1.0,1.0,1.0,1.0,1.0,1.0,1.0,1.0
1841.png,True,0.8794,0,155,562,293,276,570,192,256,0.9357,0.8875,0.985,0.9304,0.9836,247.64,581.49,918.62,0.9919,0.9839,0.8205,0.6957,1.0,1.0,0.8568,0.7495,0.945,0.8958,1.0,1.0
3041.png,True,0.6657,26,131,559,269,276,570,192,256,0.7548,0.6536,0.9492,0.8357,0.9748,258.04,621.91,970.52,0.9715,0.9447,0.3671,0.2248,0.8289,0.7078,1.0,1.0,0.7665,0.6214,0.5946,0.4231
2825.png,True,0.3729,0,55,466,113,116,570,96,256,0.6581,0.5755,0.957,0.7164,0.9624,220.21,234.25,541.8,0.977,0.9551,0.5341,0.3643,0.0,0.0,0.7969,0.6624,0.6406,0.4712,1.0,1.0
1750.png,True,0.5354,4,185,570,271,172,570,128,256,0.8738,0.8,0.9799,0.8937,0.9706,149.65,286.55,506.4,0.9901,0.9803,0.7021,0.5409,0.8515,0.7413,1.0,1.0,0.6994,0.5377,1.0,1.0
1701.png,True,0.4872,4,174,568,264,180,570,128,256,0.9299,0.8836,0.9688,0.9433,0.968,155.11,298.46,522.06,0.9828,0.9661,0.7449,0.5935,1.0,1.0,1.0,1.0,0.8519,0.7421,1.0,1.0
1742.png,True,0.7157,0,177,568,264,175,570,128,256,0.8896,0.8242,0.9621,0.8912,0.9711,152.8,291.53,511.58,0.9786,0.9581,0.6217,0.4511,0.8816,0.7883,1.0,1.0,0.8557,0.7478,1.0,1.0
114.png,True,0.414,220,190,518,254,128,454,96,224,0.8215,0.781,0.9683,0.8247,0.9502,167.85,233.15,484.38,0.9868,0.974,1.0,1.0,0.7581,0.6104,1.0,1.0,0.184,0.1013,1.0,1.0
2963.png,True,0.7216,0,157,569,264,215,570,160,256,0.554,0.4818,0.9725,0.7631,0.9779,150.9,352.4,571.71,0.9879,0.9761,0.8106,0.6815,0.7479,0.5973,0.7773,0.6357,0.0,0.0,0.0,0.0
141.png,True,0.3452,2,148,491,228,160,570,128,256,0.7667,0.7373,0.9891,0.913,0.913,167.36,286.68,520.55,0.9945,0.9891,0.0,0.0,0.6058,0.4345,1.0,1.0,1.0,1.0,1.0,1.0
2493.png,True,0.5532,3,163,570,245,164,570,128,256,0.5906,0.5445,0.97,0.7668,0.9657,151.91,298.06,518.4,0.984,0.9684,0.6843,0.5201,0.0,0.0,0.8754,0.7784,1.0,1.0,0.0,0.0
391.png,True,0.7371,1,150,331,256,212,446,160,224,0.9788,0.9622,0.9963,0.9866,0.9866,167.87,315.72,552.03,0.9981,0.9962,0.8745,0.777,1.0,1.0,1.0,1.0,1.0,1.0,1.0,1.0
2623.png,True,0.7064,0,215,570,317,204,570,160,256,0.7042,0.6277,0.9882,0.7562,0.9741,153.7,372.11,594.01,0.994,0.988,0.7279,0.5722,1.0,1.0,0.7811,0.6409,0.0,0.0,0.7222,0.5651
2768.png,True,0.6992,0,146,570,233,175,570,128,256,0.9072,0.8507,0.975,0.9157,0.9793,147.72,305.87,522.93,0.9861,0.9725,0.6571,0.4893,1.0,1.0,0.8575,0.7506,0.9427,0.8916,1.0,1.0
2715.png,True,0.6752,218,119,567,187,136,474,96,224,0.9189,0.8684,0.9796,0.9245,0.9595,150.16,221.56,446.59,0.9893,0.9789,0.7537,0.6048,1.0,1.0,1.0,1.0,0.7703,0.6264,1.0,1.0
2431.png,True,0.6559,0,158,570,231,145,570,128,256,0.9202,0.8634,0.9746,0.9187,0.9814,146.83,282.81,499.14,0.9858,0.972,0.7988,0.665,1.0,1.0,0.9249,0.8602,0.8116,0.683,1.0,1.0
514.png,True,0.7229,1,89,568,170,161,570,128,256,0.7366,0.6715,0.9749,0.7499,0.9725,153.56,299.79,526.85,0.9873,0.975,0.7429,0.591,0.0,0.0,0.8581,0.7515,0.8312,0.7112,1.0,1.0
2895.png,True,0.647,0,161,568,250,177,570,128,256,0.7508,0.6936,0.9812,0.7886,0.9536,150.76,283.0,501.25,0.9912,0.9825,0.7834,0.6439,1.0,1.0,0.0588,0.0303,0.6711,0.505,1.0,1.0
1186.png,True,0.6453,0,150,570,214,128,570,96,256,0.9652,0.9368,0.9893,0.9851,0.9901,149.02,241.38,463.74,0.9944,0.9888,0.9093,0.8338,1.0,1.0,0.8877,0.798,1.0,1.0,1.0,1.0
2619.png,True,0.8545,0,205,568,318,225,570,160,256,0.7732,0.6534,0.9706,0.8149,0.9845,155.07,348.45,572.53,0.9867,0.9737,0.7826,0.6428,0.8692,0.7687,0.4978,0.3314,0.7599,0.6127,0.743,0.591
1727.png,True,0.7647,1,129,564,221,184,570,128,256,0.8393,0.7643,0.9798,0.9195,0.9786,150.78,306.22,525.52,0.9896,0.9795,0.7501,0.6002,1.0,1.0,0.8176,0.6914,0.4788,0.3147,1.0,1.0
2437.png,True,0.5404,1,187,568,240,105,570,96,256,0.9054,0.841,0.9643,0.891,0.9668,146.63,249.69,465.76,0.9799,0.9606,0.7522,0.6028,1.0,1.0,0.8885,0.7993,0.8118,0.6832,1.0,1.0
1816.png,False,0.0,0,0,570,380,380,570,256,256,0.8845,0.8133,0.9867,0.9206,0.9844,248.06,823.8,1163.24,0.9939,0.9879,0.6948,0.5324,0.8036,0.6717,1.0,1.0,1.0,1.0,0.8149,0.6876
2629.png,True,0.8004,2,219,570,322,207,570,160,256,0.6403,0.5538,0.9724,0.6489,0.9332,242.24,496.96,827.0,0.9859,0.9723,0.752,0.6026,0.3333,0.2,0.6544,0.4863,1.0,1.0,0.1164,0.0618
882.png,True,0.41,2,139,567,198,119,570,96,256,0.9175,0.858,0.9694,0.9423,0.9872,233.4,350.77,669.68,0.9827,0.9659,0.7917,0.6552,1.0,1.0,0.8909,0.8032,0.8396,0.7236,1.0,1.0
2873.png,True,0.6714,52,129,498,208,159,570,128,256,0.807,0.7071,0.9718,0.8432,0.9633,223.69,408.72,719.86,0.9854,0.9713,0.6634,0.4963,0.7778,0.6364,0.8592,0.7532,0.5562,0.3852,1.0,1.0
1445.png,True,0.6834,21,139,569,245,212,570,160,256,0.9302,0.8844,0.987,0.9604,0.9746,265.52,524.98,876.15,0.9933,0.9868,0.7584,0.6109,1.0,1.0,0.8295,0.7087,1.0,1.0,1.0,1.0
382.png,True,0.7192,1,161,552,271,220,570,160,256,0.9409,0.8998,0.9917,0.9843,0.9888,246.44,395.66,751.59,0.9957,0.9915,0.8648,0.7618,0.7846,0.6455,1.0,1.0,1.0,1.0,1.0,1.0
2079.png,True,0.7386,1,174,553,264,180,570,128,256,0.7132,0.6547,0.9657,0.8813,0.9882,149.33,285.85,505.04,0.9831,0.9668,0.5031,0.3361,0.9056,0.8276,0.8875,0.7977,1.0,1.0,0.0,0.0
1883.png,True,0.5576,149,160,569,284,248,568,192,256,0.928,0.8849,0.9881,0.9475,0.9749,166.57,413.41,651.97,0.9939,0.9878,0.6849,0.5209,0.8892,0.8005,1.0,1.0,1.0,1.0,1.0,1.0
501.png,True,0.8043,2,95,568,175,160,570,128,256,0.9195,0.8639,0.9729,0.937,0.9823,149.91,307.01,526.27,0.9849,0.9702,0.7348,0.5808,1.0,1.0,0.8867,0.7965,0.9106,0.8358,1.0,1.0
1237.png,True,0.5759,0,100,566,200,200,570,160,256,0.7438,0.6919,0.9888,0.9176,0.9739,147.0,349.19,565.11,0.9957,0.9915,0.7083,0.5483,0.0,0.0,1.0,1.0,0.759,0.6115,1.0,1.0
1078.png,True,0.6396,0,121,502,303,350,570,256,256,0.9562,0.9301,0.9925,0.9847,0.9847,154.97,578.34,802.04,0.9962,0.9924,0.7408,0.5883,1.0,1.0,1.0,1.0,1.0,1.0,1.0,1.0
2550.png,True,0.7068,1,157,537,231,148,570,128,256,0.7866,0.6894,0.9438,0.7613,0.9596,154.79,294.64,517.64,0.9693,0.9404,0.6567,0.4888,0.8317,0.7118,0.8456,0.7325,0.4165,0.263,1.0,1.0
1016.png,True,0.5053,26,184,569,269,169,570,128,256,0.7258,0.7023,0.9972,0.7821,0.9477,150.7,293.14,515.89,0.9986,0.9972,0.3561,0.2166,1.0,1.0,0.0,0.0,1.0,1.0,1.0,1.0
476.png,False,0.0,0,0,570,380,380,570,256,256,0.9184,0.8746,0.9912,0.9451,0.973,153.97,596.16,820.01,0.9955,0.9911,0.6249,0.4544,0.8901,0.802,1.0,1.0,1.0,1.0,1.0,1.0
2202.png,True,0.5785,1,133,569,203,140,570,96,256,0.8554,0.7614,0.949,0.8831,0.9669,156.97,236.16,461.52,0.9713,0.9443,0.8192,0.6938,1.0,1.0,0.8378,0.7209,0.7067,0.5465,0.7975,0.6632
2264.png,True,0.6964,1,26,416,200,287,561,224,256,0.7525,0.7028,0.9857,0.972,0.9864,175.74,495.0,741.86,0.9928,0.9857,0.7287,0.5732,0.7937,0.6579,0.0,0.0,1.0,1.0,1.0,1.0
2891.png,True,0.873,10,100,570,228,256,570,192,256,0.7744,0.6876,0.9797,0.8553,0.9889,159.96,459.15,690.91,0.9904,0.9811,0.8062,0.6753,0.5461,0.3756,1.0,1.0,0.9244,0.8595,0.3791,0.2339
2776.png,True,0.6659,0,125,569,214,177,570,128,256,0.9268,0.8769,0.9639,0.9321,0.9771,150.75,293.61,512.77,0.9794,0.9596,0.7279,0.5722,1.0,1.0,0.8972,0.8135,0.956,0.9158,1.0,1.0
474.png,True,0.4735,0,56,469,261,363,570,256,256,0.9148,0.8699,0.989,0.9404,0.9693,149.94,587.37,806.14,0.9944,0.9889,0.6125,0.4414,1.0,1.0,1.0,1.0,0.8822,0.7892,1.0,1.0
2384.png,True,0.902,0,75,570,208,265,570,192,256,0.8189,0.713,0.9675,0.8684,0.981,157.19,442.6,667.04,0.9828,0.9662,0.6115,0.4404,0.8759,0.7791,0.9146,0.8426,0.6889,0.5255,0.8398,0.7238
2210.png,True,0.6592,3,11,367,235,347,494,256,224,0.7515,0.7016,0.9931,0.9339,0.9854,153.51,718.39,940.3,0.9968,0.9936,0.7426,0.5906,0.0,0.0,1.0,1.0,0.7694,0.6252,1.0,1.0
2297.png,True,0.4307,1,130,490,270,280,570,192,256,0.9049,0.843,0.9908,0.9284,0.9822,241.98,617.94,959.6,0.9953,0.9906,0.7217,0.5646,1.0,1.0,0.8093,0.6797,0.9031,0.8234,1.0,1.0
608.png,True,0.682,2,217,568,283,132,570,96,256,0.8431,0.7825,0.9708,0.8356,0.9847,226.44,323.44,637.97,0.9838,0.9681,0.7577,0.6099,1.0,1.0,0.9376,0.8825,0.3795,0.2342,1.0,1.0
2088.png,True,0.904,0,92,568,225,265,570,192,256,0.7122,0.6494,0.9508,0.9464,0.9847,249.96,600.68,940.53,0.9723,0.9462,0.7428,0.5908,0.0,0.0,1.0,1.0,0.9715,0.9445,0.5863,0.4148
2029.png,True,0.5814,80,129,505,189,120,570,96,256,0.6408,0.5754,0.9466,0.6173,0.9322,229.37,327.51,643.05,0.9711,0.9438,0.0,0.0,1.0,1.0,0.847,0.7347,0.2558,0.1467,0.7711,0.6275
1018.png,False,0.0,0,0,570,380,380,570,256,256,0.8826,0.8619,0.9973,0.9461,0.9461,237.96,842.49,1186.82,0.9986,0.9973,0.2969,0.1743,1.0,1.0,1.0,1.0,1.0,1.0,1.0,1.0
1338.png,True,0.6323,0,168,570,269,201,570,160,256,0.9724,0.9524,0.9939,0.9759,0.9759,155.03,348.97,597.51,0.9969,0.9938,0.8375,0.7204,1.0,1.0,1.0,1.0,1.0,1.0,1.0,1.0
1725.png,True,0.767,0,127,566,219,184,570,128,256,0.8284,0.7469,0.9733,0.8997,0.9684,156.91,287.46,521.82,0.9863,0.9729,0.5757,0.4042,1.0,1.0,0.8003,0.6671,0.6082,0.437,1.0,1.0
1680.png,True,0.6047,1,167,568,247,160,570,128,256,0.8857,0.8293,0.9721,0.8664,0.9325,158.05,292.52,519.88,0.9855,0.9714,0.5881,0.4165,1.0,1.0,1.0,1.0,0.7407,0.5881,1.0,1.0
984.png,True,0.7793,0,107,570,200,185,570,128,256,0.8253,0.7249,0.9717,0.9023,0.9828,153.14,287.61,512.63,0.9866,0.9735,0.7804,0.6399,0.8364,0.7188,0.6608,0.4934,0.6875,0.5238,1.0,1.0
279.png,True,0.629,0,128,569,183,111,570,96,256,0.9684,0.946,0.9822,0.9612,0.9612,156.05,238.08,463.72,0.9906,0.9815,0.8196,0.6943,1.0,1.0,1.0,1.0,1.0,1.0,1.0,1.0
2173.png,True,0.7036,0,131,568,224,185,570,128,256,0.7214,0.6516,0.9712,0.9183,0.9818,156.35,290.06,516.38,0.9847,0.9698,0.6907,0.5275,0.0,0.0,0.8641,0.7607,0.7892,0.6518,1.0,1.0
1668.png,True,0.6375,21,169,569,258,177,570,128,256,0.9233,0.8783,0.9826,0.9351,0.9655,156.41,306.14,531.64,0.991,0.9821,0.6704,0.5042,1.0,1.0,1.0,1.0,0.8785,0.7833,1.0,1.0
1732.png,True,0.8161,0,125,570,222,193,570,160,256,0.8354,0.7699,0.9856,0.964,0.9819,153.85,350.75,571.51,0.9926,0.9852,0.7752,0.633,1.0,1.0,0.3741,0.2301,0.8706,0.7709,1.0,1.0
1499.png,True,0.7448,0,129,570,219,180,570,128,256,0.7723,0.7315,0.9845,0.7931,0.9779,158.7,314.12,541.91,0.992,0.9841,0.7493,0.5991,1.0,1.0,0.0,0.0,0.8923,0.8056,1.0,1.0
1707.png,True,0.6025,0,163,566,275,224,570,160,256,0.6907,0.6447,0.976,0.6778,0.9073,155.38,352.84,577.0,0.9877,0.9757,0.8134,0.6855,1.0,1.0,1.0,1.0,0.3434,0.2073,0.0,0.0
2028.png,True,0.601,60,132,450,186,108,570,96,256,0.4938,0.4006,0.9197,0.5111,0.9183,183.35,254.02,505.74,0.959,0.9212,0.5417,0.3714,0.1427,0.0768,0.8437,0.7297,0.0219,0.011,0.4536,0.2933
1326.png,True,0.686,0,190,567,280,180,570,128,256,0.8559,0.8103,0.9918,0.897,0.975,156.32,290.38,515.77,0.9958,0.9917,0.7983,0.6643,1.0,1.0,1.0,1.0,0.3411,0.2056,1.0,1.0
2184.png,True,0.6097,1,139,569,199,120,570,96,256,0.7667,0.6625,0.9224,0.7635,0.9392,171.31,229.44,468.66,0.9571,0.9177,0.7547,0.6061,1.0,1.0,0.8652,0.7625,0.4854,0.3205,0.538,0.368
1421.png,True,0.5213,13,130,567,232,204,570,160,256,0.9648,0.9412,0.9885,0.9636,0.9636,154.37,352.08,572.6,0.9941,0.9882,0.7945,0.659,1.0,1.0,1.0,1.0,1.0,1.0,1.0,1.0
791.png,True,0.5669,0,154,568,234,160,570,128,256,0.7032,0.5955,0.9625,0.6951,0.9808,170.63,288.16,527.19,0.9814,0.9634,0.7468,0.5959,0.8561,0.7484,0.8819,0.7888,0.4936,0.3277,0.2593,0.1489
2072.png,True,0.8125,0,175,562,267,184,570,128,256,0.4952,0.4606,0.9599,0.6747,0.984,157.75,296.39,524.65,0.9759,0.9529,0.1355,0.0726,0.9286,0.8666,0.9312,0.8712,0.0,0.0,0.0,0.0
2839.png,True,0.685,215,132,375,212,160,272,128,128,0.8804,0.815,0.9542,0.8572,0.9656,169.45,195.34,434.31,0.9752,0.9516,1.0,1.0,0.8673,0.7656,0.8776,0.7819,0.5621,0.3909,1.0,1.0
2413.png,True,0.6164,1,203,570,280,153,570,128,256,0.9008,0.8344,0.9809,0.8914,0.9628,153.71,293.27,515.32,0.9899,0.98,0.8112,0.6823,1.0,1.0,0.7537,0.6047,0.8502,0.7395,1.0,1.0
2764.png,True,0.6145,1,152,567,233,161,570,128,256,0.9029,0.8489,0.9692,0.9087,0.9783,191.24,435.12,694.5,0.9819,0.9644,0.5984,0.427,1.0,1.0,0.8847,0.7932,0.9522,0.9088,1.0,1.0
1261.png,True,0.6757,0,144,569,244,200,570,160,256,0.9416,0.9011,0.9801,0.9686,0.9831,235.89,525.15,864.93,0.9895,0.9792,0.7734,0.6305,1.0,1.0,0.8869,0.7968,1.0,1.0,1.0,1.0
1663.png,True,0.4778,0,168,520,232,128,570,96,256,0.8685,0.8221,0.9814,0.8598,0.9442,227.26,322.65,637.87,0.9904,0.981,0.8292,0.7082,1.0,1.0,1.0,1.0,0.3913,0.2432,1.0,1.0
212.png,True,0.7174,0,134,569,235,201,570,160,256,0.7716,0.7274,0.9076,0.7777,0.925,237.66,513.3,841.84,0.9462,0.8979,0.7696,0.6255,1.0,1.0,0.9135,0.8408,0.0,0.0,1.0,1.0
1629.png,True,0.6179,0,159,570,232,145,570,128,256,0.7728,0.7247,0.9698,0.9326,0.9823,243.79,420.83,753.2,0.9822,0.9651,0.8528,0.7433,0.0,0.0,0.915,0.8433,0.8868,0.7965,1.0,1.0
2843.png,False,0.0,0,0,570,380,380,570,256,256,0.7536,0.6976,0.9919,0.7677,0.9864,241.34,851.42,1181.22,0.9964,0.9928,0.0,0.0,0.8939,0.8082,0.8708,0.7711,0.7603,0.6133,1.0,1.0
2472.png,False,0.0,0,0,570,380,380,570,256,256,0.8549,0.7811,0.994,0.9145,0.9698,152.84,577.77,800.02,0.997,0.994,0.5406,0.3704,1.0,1.0,1.0,1.0,0.8075,0.6772,0.7843,0.6452
2116.png,True,0.7222,0,79,568,161,164,570,128,256,0.6722,0.6035,0.9741,0.8457,0.9726,156.63,289.86,515.33,0.9862,0.9727,0.5822,0.4106,0.0,0.0,1.0,1.0,0.9342,0.8765,0.5307,0.3612
1409.png,True,0.5891,1,54,545,192,261,570,192,256,0.8023,0.6962,0.9707,0.859,0.9674,150.18,409.08,632.86,0.9861,0.9725,0.6786,0.5135,0.7613,0.6147,1.0,1.0,0.6069,0.4357,0.781,0.6407
437.png,True,0.5543,0,79,567,173,188,570,128,256,0.9582,0.9323,0.9847,0.9628,0.9628,149.32,306.01,524.3,0.9921,0.9843,0.7573,0.6094,1.0,1.0,1.0,1.0,1.0,1.0,1.0,1.0
1019.png,False,0.0,0,0,570,380,380,570,256,256,0.7315,0.6664,0.9945,0.7671,0.9246,152.31,551.34,775.28,0.9973,0.9945,0.1349,0.0724,0.727,0.5711,1.0,1.0,0.5295,0.3601,1.0,1.0
191.png,True,0.4078,0,87,424,161,148,570,128,256,0.606,0.4954,0.9655,0.8604,0.9838,158.53,298.13,532.93,0.9832,0.967,0.7363,0.5826,0.6296,0.4594,0.0,0.0,0.7392,0.5863,0.5476,0.377
3012.png,True,0.6832,47,159,568,231,144,570,128,256,0.7305,0.6822,0.9723,0.8679,0.9762,151.78,292.52,512.8,0.9901,0.9803,0.541,0.3708,0.0,0.0,1.0,1.0,0.852,0.7422,1.0,1.0
841.png,True,0.8123,0,151,441,362,335,570,256,256,0.9439,0.9041,0.9926,0.9813,0.9913,156.2,542.98,774.19,0.9962,0.9925,0.7992,0.6656,0.8679,0.7666,1.0,1.0,1.0,1.0,1.0,1.0
348.png,True,0.5785,91,111,565,195,168,570,128,256,0.8406,0.7688,0.9536,0.879,0.9807,166.14,384.09,622.95,0.9782,0.9574,0.4704,0.3075,0.7014,0.5401,1.0,1.0,0.8935,0.8076,1.0,1.0
146.png,False,0.0,0,0,570,380,380,570,256,256,0.9474,0.9096,0.9967,0.964,0.9889,150.53,578.38,812.72,0.9983,0.9966,1.0,1.0,0.8796,0.7851,0.8065,0.6758,1.0,1.0,1.0,1.0
885.png,True,0.5521,1,142,567,201,119,570,96,256,0.9095,0.8491,0.9706,0.9075,0.9826,151.02,226.16,444.86,0.9834,0.9674,0.8101,0.6808,1.0,1.0,0.9266,0.8632,0.7367,0.5831,1.0,1.0
1050.png,True,0.6112,1,212,569,280,136,570,96,256,0.964,0.9398,0.9816,0.9648,0.9648,152.22,244.98,467.29,0.9904,0.9809,0.7938,0.6581,1.0,1.0,1.0,1.0,1.0,1.0,1.0,1.0
254.png,True,0.6154,188,46,570,270,380,516,256,256,0.947,0.919,0.9917,0.9868,0.9868,150.33,550.05,770.17,0.9958,0.9917,0.6861,0.5221,1.0,1.0,1.0,1.0,1.0,1.0,1.0,1.0
2622.png,True,0.8257,0,219,568,322,207,570,160,256,0.8037,0.7128,0.971,0.8657,0.976,159.98,344.51,577.21,0.9847,0.9698,0.4997,0.333,0.916,0.8451,0.5934,0.4219,0.8285,0.7072,1.0,1.0
354.png,True,0.6165,2,116,564,200,168,570,128,256,0.9122,0.8516,0.9661,0.9172,0.9791,160.3,313.36,558.06,0.9813,0.9633,0.7401,0.5875,0.8734,0.7753,1.0,1.0,0.8786,0.7835,1.0,1.0
1519.png,True,0.4115,0,176,547,264,176,570,128,256,0.6866,0.5994,0.976,0.9133,0.9767,151.59,471.34,691.58,0.9873,0.975,0.7513,0.6017,0.0,0.0,0.6254,0.455,0.8846,0.7931,0.871,0.7715
380.png,False,0.0,0,0,570,380,380,570,256,256,0.8326,0.7841,0.9937,0.8412,0.9559,243.42,858.44,1190.76,0.9968,0.9937,0.6941,0.5315,1.0,1.0,1.0,1.0,0.3046,0.1796,1.0,1.0
922.png,True,0.555,1,123,570,186,127,570,96,256,0.9612,0.9363,0.9876,0.9671,0.9671,243.43,346.95,677.67,0.9936,0.9873,0.7735,0.6306,1.0,1.0,1.0,1.0,1.0,1.0,1.0,1.0
2757.png,True,0.6547,0,121,567,219,196,570,160,256,0.9343,0.8894,0.9754,0.9523,0.9862,233.08,527.57,847.55,0.9861,0.9725,0.7443,0.5928,1.0,1.0,0.8989,0.8163,0.9768,0.9546,1.0,1.0
1503.png,True,0.7382,1,128,566,216,176,570,128,256,0.9451,0.9068,0.9859,0.965,0.9816,226.48,437.76,752.16,0.9926,0.9854,0.775,0.6327,1.0,1.0,1.0,1.0,0.9028,0.8228,1.0,1.0
1778.png,True,0.5567,2,127,542,191,128,570,96,256,0.9239,0.8674,0.9677,0.9435,0.9833,245.22,368.44,707.98,0.9862,0.9728,0.817,0.6907,0.853,0.7437,1.0,1.0,0.8873,0.7974,1.0,1.0
45.png,True,0.7803,156,104,538,226,244,548,192,256,0.5942,0.5453,0.9535,0.7885,0.9817,214.96,428.87,734.63,0.9771,0.9552,1.0,1.0,0.0,0.0,0.7905,0.6536,0.0,0.0,0.7973,0.6629
877.png,True,0.5441,0,136,569,202,132,570,96,256,0.9237,0.8673,0.9794,0.9509,0.9862,155.8,236.56,460.95,0.9888,0.9779,0.8276,0.7059,1.0,1.0,0.8906,0.8027,0.8352,0.7171,1.0,1.0
1149.png,True,0.7201,1,199,561,292,185,570,128,256,0.7479,0.6868,0.979,0.7742,0.9872,154.95,304.9,536.48,0.9897,0.9797,0.8233,0.6996,0.865,0.7622,0.0,0.0,0.8091,0.6794,1.0,1.0
1654.png,True,0.5823,2,169,567,229,120,570,96,256,0.8552,0.8111,0.9819,0.8284,0.943,154.85,235.32,458.87,0.9906,0.9814,0.8187,0.6931,1.0,1.0,1.0,1.0,0.3221,0.192,1.0,1.0
1395.png,True,0.4261,0,91,396,167,152,535,128,256,0.6385,0.5721,0.9733,0.8141,0.8972,153.61,294.6,522.48,0.9865,0.9734,0.7664,0.6212,0.2653,0.1529,0.8131,0.6851,0.0,0.0,1.0,1.0
2095.png,True,0.7737,0,133,569,219,172,570,128,256,0.5322,0.4369,0.9394,0.8095,0.9473,153.29,302.18,524.74,0.969,0.9399,0.5667,0.3954,0.7044,0.5437,0.0,0.0,0.7911,0.6544,0.1619,0.0881
2733.png,True,0.4829,0,131,364,207,152,491,128,224,0.524,0.4444,0.9671,0.5052,0.9408,155.04,301.52,527.67,0.9834,0.9674,0.789,0.6515,0.7359,0.5822,0.0,0.0,0.6354,0.4656,0.0,0.0
1817.png,False,0.0,0,0,570,380,380,570,256,256,0.823,0.7544,0.9811,0.9509,0.9909,156.49,631.19,855.45,0.9911,0.9824,0.3466,0.2097,0.8207,0.6959,1.0,1.0,1.0,1.0,0.7795,0.6387
2576.png,True,0.7711,1,110,567,218,216,570,160,256,0.9504,0.9136,0.9887,0.9713,0.9829,153.67,367.6,593.74,0.9941,0.9884,0.8221,0.698,1.0,1.0,1.0,1.0,0.8859,0.7951,1.0,1.0
2473.png,False,0.0,0,0,570,380,380,570,256,256,0.7186,0.6318,0.9942,0.7892,0.9701,157.98,614.78,841.98,0.9971,0.9941,0.5174,0.349,1.0,1.0,0.1905,0.1053,0.8083,0.6782,0.7982,0.6642
1806.png,True,0.5581,67,138,530,225,175,570,128,256,0.7209,0.6554,0.9704,0.8557,0.9779,172.38,303.68,547.24,0.9872,0.9746,0.6215,0.4509,0.8244,0.7012,0.0,0.0,1.0,1.0,0.8922,0.8054
962.png,True,0.7242,0,215,570,288,145,570,128,256,0.8437,0.7746,0.9648,0.804,0.9722,152.98,294.1,521.5,0.98,0.9608,0.517,0.3486,1.0,1.0,0.9354,0.8787,0.6295,0.4593,1.0,1.0
783.png,True,0.6021,0,151,567,231,160,570,128,256,0.9093,0.8533,0.9756,0.9036,0.9912,153.71,295.07,530.37,0.9858,0.9721,0.8876,0.7979,1.0,1.0,0.9243,0.8592,0.6584,0.4907,1.0,1.0
200.png,True,0.4274,0,92,414,158,132,559,96,256,0.8579,0.8022,0.9909,0.8838,0.9523,156.49,227.42,474.09,0.9954,0.9908,0.6737,0.5079,1.0,1.0,1.0,1.0,1.0,1.0,0.4783,0.3143
2335.png,True,0.6953,0,171,568,273,204,570,160,256,0.879,0.8047,0.9851,0.876,0.9672,164.68,354.54,597.41,0.9929,0.9859,0.7956,0.6606,0.7521,0.6027,1.0,1.0,0.7335,0.5791,1.0,1.0
1782.png,True,0.6701,4,124,472,192,136,570,96,256,0.7067,0.6356,0.9498,0.8816,0.9758,152.59,250.61,476.1,0.976,0.9532,0.5861,0.4145,0.8512,0.7409,0.0,0.0,0.8269,0.7048,1.0,1.0
2637.png,True,0.4353,179,169,570,293,248,528,192,256,0.6623,0.5784,0.9827,0.6475,0.9594,155.36,465.3,691.32,0.9919,0.9839,0.7196,0.5621,0.6684,0.5019,0.0,0.0,0.594,0.4225,1.0,1.0
2800.png,True,0.3416,221,91,570,226,271,471,192,224,0.6792,0.6214,0.9793,0.6963,0.9386,255.68,655.28,1004.31,0.9915,0.9832,0.5018,0.3349,0.5816,0.41,1.0,1.0,0.0,0.0,1.0,1.0
2494.png,True,0.4372,0,165,566,242,153,570,128,256,0.8921,0.8259,0.9774,0.8927,0.9686,253.27,406.05,747.15,0.988,0.9764,0.6556,0.4877,1.0,1.0,0.8475,0.7353,0.8612,0.7562,1.0,1.0
214.png,True,0.6895,0,131,569,241,220,570,160,256,0.928,0.88,0.9764,0.9164,0.9849,234.27,532.21,852.31,0.986,0.9723,0.7151,0.5566,1.0,1.0,0.95,0.9048,0.9169,0.8466,1.0,1.0
2572.png,True,0.7203,0,100,567,210,220,570,160,256,0.9607,0.9294,0.992,0.9694,0.985,226.25,497.39,811.08,0.9958,0.9917,0.8898,0.8015,1.0,1.0,1.0,1.0,0.8786,0.7834,1.0,1.0
1360.png,True,0.7361,11,113,568,220,215,570,160,256,0.9017,0.8307,0.9776,0.9059,0.984,264.1,528.71,884.49,0.9886,0.9775,0.7802,0.6396,0.9258,0.8618,0.8944,0.8089,0.821,0.6963,1.0,1.0
392.png,True,0.6149,1,169,554,273,208,570,160,256,0.9287,0.882,0.9888,0.9145,0.9617,240.17,373.76,703.6,0.9943,0.9886,0.8032,0.6712,0.7748,0.6324,1.0,1.0,1.0,1.0,1.0,1.0
2321.png,True,0.7407,0,200,568,282,164,570,128,256,0.8898,0.819,0.9782,0.9313,0.9764,156.94,299.57,527.98,0.9886,0.9774,0.7392,0.5863,1.0,1.0,0.8337,0.7148,0.7772,0.6356,1.0,1.0
1381.png,True,0.453,2,78,379,174,192,511,160,256,0.6869,0.5892,0.9759,0.7028,0.9422,149.24,351.94,569.11,0.9904,0.981,0.5417,0.3715,0.5089,0.3413,0.8155,0.6884,0.265,0.1528,1.0,1.0
121.png,True,0.394,199,194,542,247,105,491,96,224,0.633,0.6088,0.955,0.8033,0.9868,154.24,225.59,449.9,0.9812,0.9631,1.0,1.0,0.8165,0.6899,0.0,0.0,0.0,0.0,1.0,1.0
2294.png,True,0.6227,0,152,518,288,272,570,192,256,0.9185,0.8693,0.9887,0.9782,0.9886,151.21,419.76,638.49,0.9942,0.9885,0.706,0.5456,0.8109,0.682,1.0,1.0,1.0,1.0,1.0,1.0
144.png,True,0.3319,0,153,411,232,159,555,128,256,0.8883,0.8186,0.996,0.9161,0.9654,153.58,297.86,518.24,0.998,0.9959,0.8301,0.7095,0.7082,0.5483,1.0,1.0,0.7936,0.6578,1.0,1.0
256.png,True,0.5857,167,53,570,291,380,544,256,256,0.932,0.9026,0.99,0.9643,0.9643,157.64,608.21,833.6,0.9949,0.9899,0.5969,0.4254,1.0,1.0,1.0,1.0,1.0,1.0,1.0,1.0
1564.png,True,0.6334,4,108,567,205,193,570,160,256,0.8431,0.7474,0.9706,0.8725,0.9729,153.9,363.21,584.36,0.9866,0.9736,0.7785,0.6373,0.6601,0.4927,0.8385,0.7218,0.7947,0.6593,1.0,1.0
2798.png,True,0.4882,14,105,562,237,264,570,192,256,0.8659,0.8106,0.9902,0.8559,0.9618,154.99,417.25,642.49,0.995,0.9901,0.705,0.5444,1.0,1.0,1.0,1.0,0.4953,0.3292,1.0,1.0
2474.png,False,0.0,0,0,570,380,380,570,256,256,0.8416,0.7629,0.9922,0.8095,0.9344,158.17,583.54,811.37,0.996,0.9921,0.5552,0.3843,1.0,1.0,1.0,1.0,0.7139,0.5551,0.7847,0.6457
1630.png,True,0.5835,1,160,570,228,136,570,96,256,0.7349,0.6669,0.9336,0.9041,0.9702,157.61,233.07,475.4,0.9599,0.9229,0.7442,0.5926,0.0,0.0,0.8529,0.7435,0.8521,0.7423,1.0,1.0
755.png,True,0.6315,5,185,556,244,119,570,96,256,0.8631,0.7707,0.9391,0.8262,0.963,151.64,239.62,459.17,0.9633,0.9291,0.7592,0.6118,0.8583,0.7517,0.7779,0.6365,0.8201,0.695,1.0,1.0
358.png,True,0.5583,3,131,564,205,148,570,128,256,0.8636,0.7865,0.9573,0.8469,0.9614,156.12,285.55,509.03,0.9793,0.9594,0.7088,0.549,0.8436,0.7295,1.0,1.0,0.6497,0.4811,1.0,1.0
2307.png,True,0.7437,0,200,568,288,176,570,128,256,0.812,0.7155,0.9669,0.8601,0.9687,149.08,297.32,512.62,0.9854,0.9712,0.8062,0.6754,0.6678,0.5013,0.8751,0.7779,0.5375,0.3675,1.0,1.0
961.png,True,0.7038,1,219,569,284,129,570,96,256,0.9301,0.8787,0.9742,0.9366,0.9885,162.26,227.9,458.57,0.9847,0.9699,0.8278,0.7062,1.0,1.0,0.9479,0.901,0.8199,0.6948,1.0,1.0
1309.png,True,0.3767,27,101,567,198,193,570,160,256,0.8829,0.8141,0.9805,0.9005,0.9739,152.44,355.03,578.16,0.9906,0.9813,0.6321,0.4621,0.822,0.6977,1.0,1.0,0.8529,0.7435,1.0,1.0
28.png,True,0.7984,164,91,546,225,268,540,192,256,0.6305,0.587,0.966,0.8185,0.9872,155.89,412.6,636.8,0.981,0.9627,1.0,1.0,0.0,0.0,0.8599,0.7542,0.0741,0.0385,0.868,0.7668
1161.png,True,0.7351,0,187,569,312,249,570,192,256,0.7795,0.7404,0.9903,0.9381,0.9764,262.68,605.07,940.57,0.9951,0.9902,0.8602,0.7548,0.0,0.0,0.8218,0.6975,1.0,1.0,1.0,1.0
898.png,True,0.6079,0,124,570,189,129,570,96,256,0.9673,0.9448,0.988,0.9706,0.9706,241.92,330.22,656.9,0.9938,0.9877,0.8101,0.6808,1.0,1.0,1.0,1.0,1.0,1.0,1.0,1.0
44.png,True,0.7361,172,100,511,222,244,517,192,256,0.6019,0.5564,0.9589,0.6244,0.9763,224.09,618.68,931.03,0.978,0.9569,1.0,1.0,0.0,0.0,0.797,0.6625,0.0,0.0,0.8367,0.7193
1942.png,True,0.6821,2,200,557,271,143,570,96,256,0.7408,0.6334,0.904,0.8199,0.9351,229.54,319.89,634.71,0.9456,0.8968,0.6886,0.5251,0.854,0.7452,0.5417,0.3714,0.4147,0.2616,1.0,1.0
576.png,True,0.6377,21,183,569,278,191,570,160,256,0.7454,0.6825,0.9662,0.9247,0.9836,266.95,512.95,866.27,0.9827,0.9659,0.8033,0.6713,0.849,0.7376,1.0,1.0,0.8372,0.7199,0.0,0.0
1706.png,True,0.5984,1,157,566,280,247,570,192,256,0.8951,0.8277,0.9857,0.911,0.9598,252.87,592.2,936.77,0.9926,0.9853,0.732,0.5773,1.0,1.0,1.0,1.0,0.777,0.6353,0.869,0.7684
2123.png,True,0.5157,140,208,569,255,95,570,64,256,0.8586,0.7809,0.9571,0.8813,0.9591,150.81,195.92,413.9,0.9768,0.9547,0.6764,0.5111,1.0,1.0,0.8518,0.7418,0.6466,0.4777,1.0,1.0
840.png,True,0.8174,0,156,432,366,329,570,224,256,0.9383,0.8958,0.9919,0.9748,0.9873,152.03,537.24,765.75,0.9959,0.9918,0.7905,0.6536,0.8434,0.7291,1.0,1.0,1.0,1.0,1.0,1.0
2864.png,True,0.3996,13,109,496,216,215,570,160,256,0.6524,0.5483,0.9825,0.6909,0.9611,148.46,361.18,580.07,0.991,0.9822,0.68,0.5151,0.7484,0.598,0.771,0.6274,0.7237,0.567,0.0,0.0
2725.png,True,0.7102,0,135,562,220,169,570,128,256,0.5694,0.5029,0.9765,0.7381,0.9735,150.73,295.04,513.32,0.9894,0.979,0.8004,0.6672,0.8019,0.6693,0.0,0.0,0.8248,0.7019,0.0,0.0
2276.png,True,0.7526,0,25,407,182,260,549,192,256,0.8401,0.7744,0.9868,0.8545,0.9712,163.58,446.45,677.54,0.9932,0.9865,0.7569,0.6089,0.8883,0.799,0.4024,0.2519,1.0,1.0,1.0,1.0
787.png,True,0.5413,1,167,570,232,129,570,96,256,0.7478,0.6864,0.9586,0.7633,0.9624,158.16,221.42,447.27,0.9775,0.9561,0.7862,0.6477,0.8391,0.7229,0.8838,0.7918,1.0,1.0,0.0,0.0
1135.png,True,0.4022,2,219,518,262,87,570,64,256,0.8279,0.7644,0.9719,0.8274,0.972,148.18,161.31,387.31,0.9849,0.9702,0.7617,0.6151,1.0,1.0,0.891,0.8034,0.33,0.1976,1.0,1.0
1083.png,True,0.5998,0,113,472,280,335,570,256,256,0.7802,0.7414,0.9917,0.9459,0.9808,152.5,554.16,793.39,0.9965,0.993,0.8272,0.7053,0.8573,0.7502,0.0,0.0,1.0,1.0,1.0,1.0
2341.png,True,0.8389,1,143,569,252,217,570,160,256,0.8812,0.8149,0.9766,0.912,0.98,153.17,363.13,583.86,0.9874,0.9752,0.6058,0.4345,0.9117,0.8377,0.7821,0.6422,1.0,1.0,1.0,1.0
92.png,True,0.8762,0,140,567,250,220,570,160,256,0.8527,0.7519,0.9598,0.9178,0.9822,149.44,372.89,590.97,0.9774,0.9558,0.7747,0.6322,0.823,0.6992,0.8976,0.8143,0.9002,0.8186,0.7431,0.5913
752.png,True,0.7513,0,161,567,246,169,570,128,256,0.8582,0.7688,0.951,0.8817,0.9712,158.91,291.3,518.58,0.9728,0.9471,0.8254,0.7027,0.6586,0.491,0.8037,0.6718,0.8889,0.8,1.0,1.0
2255.png,True,0.4678,2,152,305,221,137,411,96,192,0.8534,0.7744,0.9431,0.957,0.9797,165.77,211.59,446.08,0.9687,0.9393,1.0,1.0,0.5772,0.4057,1.0,1.0,0.7486,0.5982,0.8258,0.7033
1752.png,True,0.8414,0,152,570,258,212,570,160,256,0.9086,0.8412,0.9702,0.9343,0.9828,155.11,343.44,566.5,0.983,0.9666,0.7692,0.625,0.8812,0.7877,1.0,1.0,0.9328,0.8741,0.8851,0.7938
947.png,True,0.6485,1,228,569,292,128,570,96,256,0.8059,0.7856,0.9856,0.9791,0.9791,163.79,220.36,451.53,0.9924,0.985,0.8429,0.7285,1.0,1.0,0.0,0.0,1.0,1.0,1.0,1.0
577.png,True,0.7193,11,180,569,277,193,570,160,256,0.5488,0.4733,0.9436,0.8723,0.9709,161.41,343.83,572.84,0.9718,0.9451,0.7563,0.6081,0.8096,0.6801,0.0,0.0,0.7549,0.6064,0.0,0.0
2761.png,True,0.666,0,136,568,226,180,570,128,256,0.9166,0.8623,0.9653,0.929,0.981,153.04,283.4,510.2,0.9791,0.959,0.7037,0.5428,1.0,1.0,0.8592,0.7531,0.9575,0.9185,1.0,1.0
675.png,True,0.5671,145,128,568,234,212,570,160,256,0.8406,0.7425,0.9403,0.8511,0.9664,148.9,355.54,576.12,0.9667,0.9356,0.7045,0.5437,0.7004,0.5389,0.8521,0.7424,0.8197,0.6945,1.0,1.0
2054.png,True,0.3487,219,67,570,189,244,474,192,224,0.8047,0.7302,0.9906,0.7941,0.9508,263.66,555.62,909.28,0.9952,0.9904,0.3879,0.2406,0.6226,0.4521,1.0,1.0,0.8223,0.6982,1.0,1.0
2460.png,True,0.3585,147,99,523,244,289,555,224,256,0.7084,0.6335,0.9908,0.7537,0.9684,241.75,683.75,1026.03,0.9953,0.9907,0.0,0.0,1.0,1.0,0.7627,0.6164,0.7912,0.6546,0.7009,0.5395
1030.png,True,0.4266,105,130,449,263,265,569,192,256,0.5839,0.5262,0.9646,0.7438,0.9855,241.66,608.54,949.23,0.9843,0.9691,0.3915,0.2434,0.8978,0.8146,0.2298,0.1298,1.0,1.0,0.0,0.0
2492.png,True,0.5572,2,166,570,232,132,570,96,256,0.6668,0.5911,0.961,0.6679,0.9646,232.06,328.42,648.52,0.9822,0.965,0.7368,0.5833,0.4568,0.296,0.8253,0.7025,1.0,1.0,0.0,0.0
1601.png,True,0.4522,35,151,567,282,263,570,192,256,0.9111,0.8499,0.9846,0.9178,0.9768,238.79,634.11,961.17,0.9921,0.9844,0.7567,0.6086,0.8769,0.7808,0.8409,0.7254,1.0,1.0,1.0,1.0
599.png,True,0.7515,9,218,570,287,137,570,96,256,0.9505,0.9156,0.9737,0.9594,0.9918,233.75,248.85,572.41,0.9837,0.968,0.7787,0.6376,1.0,1.0,0.9406,0.8878,1.0,1.0,1.0,1.0
2439.png,True,0.5734,0,186,569,242,112,570,96,256,0.9267,0.8736,0.9714,0.9271,0.9824,156.73,221.9,464.64,0.9837,0.968,0.7671,0.6222,1.0,1.0,0.9022,0.8218,0.907,0.8298,1.0,1.0
2943.png,True,0.8619,0,125,570,238,225,570,160,256,0.8649,0.7839,0.9836,0.8968,0.9894,150.92,350.75,570.64,0.9905,0.9813,0.7964,0.6617,1.0,1.0,0.7218,0.5647,0.9743,0.9499,0.7063,0.546
2769.png,True,0.6724,0,142,570,234,184,570,128,256,0.9102,0.8521,0.9758,0.9213,0.9766,151.11,281.48,509.74,0.9868,0.9739,0.6909,0.5278,1.0,1.0,0.8694,0.769,0.9143,0.8422,1.0,1.0
622.png,True,0.5692,2,226,569,279,105,570,96,256,0.7557,0.7084,0.9623,0.9138,0.9733,148.53,229.2,444.53,0.9788,0.9585,0.6829,0.5184,0.0,0.0,0.8723,0.7736,1.0,1.0,1.0,1.0
1901.png,True,0.6964,4,81,439,171,180,570,128,256,0.9263,0.8731,0.975,0.9726,0.9848,152.51,284.35,533.38,0.9856,0.9716,0.7682,0.6237,0.9149,0.8432,0.8888,0.7999,1.0,1.0,1.0,1.0
1505.png,True,0.592,0,170,417,258,176,563,128,256,0.7123,0.5905,0.9585,0.7714,0.9676,151.69,291.16,511.54,0.9814,0.9635,0.7303,0.5752,0.4253,0.2701,0.8199,0.6948,0.4731,0.3099,0.8436,0.7296
573.png,True,0.5623,116,201,569,278,153,570,128,256,0.3958,0.3403,0.9651,0.8669,0.9715,152.93,291.67,519.11,0.9895,0.9793,0.7325,0.5779,0.6527,0.4845,0.0,0.0,0.0,0.0,0.0,0.0
587.png,True,0.3805,225,220,567,264,88,465,64,224,0.8035,0.7816,0.9751,0.8099,0.9449,151.0,189.43,406.43,0.9869,0.9742,0.8341,0.7154,0.0,0.0,1.0,1.0,1.0,1.0,1.0,1.0
2969.png,True,0.4847,0,104,282,244,280,381,192,192,0.7421,0.6899,0.9854,0.7857,0.9681,149.73,365.01,595.25,0.9925,0.9851,0.6834,0.5191,0.7767,0.635,1.0,1.0,1.0,1.0,0.0,0.0
1650.png,True,0.332,2,184,565,230,92,570,64,256,0.7859,0.7582,0.9792,0.7888,0.9104,151.48,181.4,403.89,0.9893,0.9789,0.7263,0.5702,1.0,1.0,1.0,1.0,0.0,0.0,1.0,1.0
1641.png,True,0.6153,0,159,570,225,132,570,96,256,0.7619,0.7082,0.9482,0.9238,0.9729,150.01,224.25,455.84,0.9687,0.9393,0.8024,0.67,0.0,0.0,0.8694,0.7689,0.9311,0.871,1.0,1.0
1576.png,True,0.5207,1,120,545,212,184,570,128,256,0.8563,0.7844,0.9705,0.8142,0.9602,150.74,293.9,514.58,0.9845,0.9694,0.5656,0.3943,1.0,1.0,0.9008,0.8195,0.6869,0.5231,1.0,1.0
1037.png,True,0.6558,54,135,414,285,300,540,224,256,0.7346,0.6682,0.9777,0.9293,0.9835,151.93,481.95,714.33,0.9881,0.9765,0.7511,0.6014,0.8478,0.7358,0.0,0.0,1.0,1.0,0.8205,0.6956
976.png,True,0.6718,0,230,570,291,121,570,96,256,0.9291,0.8759,0.9778,0.9259,0.9824,152.96,245.23,468.99,0.988,0.9762,0.8261,0.7038,1.0,1.0,0.9141,0.8418,0.8465,0.7338,1.0,1.0
2192.png,True,0.6122,2,139,570,204,129,570,96,256,0.7358,0.609,0.9546,0.7344,0.9503,150.45,225.73,446.06,0.9752,0.9517,0.7173,0.5592,0.4489,0.2894,0.7368,0.5833,0.871,0.7715,0.6654,0.4986
2510.png,True,0.5291,1,175,570,227,104,570,96,256,0.5527,0.4867,0.9498,0.7264,0.9641,158.31,239.81,467.22,0.9815,0.9637,0.5127,0.3448,0.7134,0.5545,0.0,0.0,0.1088,0.0575,1.0,1.0
2700.png,True,0.6715,0,190,570,258,136,570,96,256,0.8878,0.8166,0.9794,0.9142,0.9793,155.67,226.79,450.44,0.9892,0.9787,0.7425,0.5904,1.0,1.0,0.8403,0.7246,1.0,1.0,0.7545,0.6058
2934.png,True,0.8664,0,108,568,221,225,570,160,256,0.8833,0.804,0.9697,0.894,0.9885,158.89,373.43,600.74,0.9818,0.9642,0.8314,0.7115,0.7492,0.599,1.0,1.0,0.9391,0.8852,0.798,0.6639
104.png,True,0.8906,0,115,561,252,273,570,192,256,0.8623,0.7774,0.9749,0.9351,0.9863,154.69,632.49,856.63,0.9859,0.9722,0.675,0.5094,0.9178,0.8481,0.8559,0.7481,0.7392,0.5863,1.0,1.0
2653.png,True,0.7503,1,192,570,337,260,570,192,256,0.6234,0.5214,0.9556,0.6225,0.9753,235.72,626.57,965.3,0.9855,0.9714,0.8326,0.7132,0.5802,0.4086,0.55,0.3793,0.7924,0.6562,0.0,0.0
3048.png,True,0.6073,162,155,566,284,257,549,192,256,0.8513,0.7747,0.933,0.8897,0.9705,228.05,634.73,969.51,0.9624,0.9276,1.0,1.0,0.8158,0.6889,1.0,1.0,0.81,0.6807,0.5196,0.351
87.png,True,0.9035,0,115,568,250,271,570,192,256,0.913,0.8469,0.9786,0.9644,0.9884,239.21,613.61,942.22,0.9879,0.9762,0.8363,0.7187,0.9304,0.8699,0.8336,0.7146,0.89,0.8018,1.0,1.0
2646.png,True,0.6545,0,194,570,317,247,570,192,256,0.8252,0.7271,0.9684,0.8287,0.9848,257.03,651.37,997.9,0.9828,0.9662,0.7738,0.6311,0.8774,0.7815,0.8889,0.8001,0.9091,0.8333,0.5191,0.3506
1015.png,False,0.0,0,0,570,380,380,570,256,256,0.7902,0.7646,0.9972,0.9611,0.9611,247.81,610.12,944.6,0.9986,0.9972,0.0,0.0,1.0,1.0,1.0,1.0,0.7426,0.5906,1.0,1.0
102.png,True,0.8672,0,128,565,246,236,570,160,256,0.828,0.7399,0.9757,0.8699,0.9871,150.37,382.9,617.21,0.9878,0.9759,0.7325,0.5779,0.9334,0.8751,0.7953,0.6602,0.519,0.3505,1.0,1.0
2440.png,True,0.6459,0,178,569,243,129,570,96,256,0.931,0.8801,0.9742,0.9491,0.9858,159.85,229.85,458.75,0.9854,0.9713,0.783,0.6434,1.0,1.0,0.915,0.8434,0.9025,0.8223,1.0,1.0
1963.png,False,0.0,0,0,570,380,380,570,256,256,0.8723,0.8151,0.9956,0.873,0.937,151.53,602.61,823.91,0.9978,0.9956,0.6273,0.457,1.0,1.0,1.0,1.0,0.6089,0.4378,1.0,1.0
1405.png,True,0.5381,1,53,563,200,274,570,192,256,0.7071,0.6318,0.9717,0.878,0.9754,152.11,445.84,668.28,0.9871,0.9745,0.6741,0.5085,0.0,0.0,1.0,1.0,0.7778,0.6364,0.8035,0.6715
1781.png,True,0.6374,3,125,436,191,132,570,96,256,0.92,0.8638,0.9688,0.9079,0.9853,155.38,231.02,453.84,0.9856,0.9716,0.7492,0.599,0.8815,0.7881,1.0,1.0,0.9036,0.8241,1.0,1.0
21.png,True,0.4396,1,104,412,201,193,556,160,256,0.7224,0.6599,0.9786,0.7241,0.9301,153.12,386.69,607.64,0.9893,0.9789,0.6537,0.4855,0.0556,0.0286,1.0,1.0,0.6359,0.4662,1.0,1.0
201.png,True,0.3064,0,102,422,157,111,570,96,256,0.7865,0.7598,0.9931,0.7958,0.9541,153.89,228.52,450.25,0.9965,0.9931,0.7227,0.5658,1.0,1.0,1.0,1.0,1.0,1.0,0.0,0.0
2708.png,True,0.6596,1,191,568,262,143,570,96,256,0.8264,0.7246,0.9694,0.8855,0.9689,151.65,253.96,474.93,0.9844,0.9693,0.7557,0.6073,0.8008,0.6677,0.7633,0.6172,1.0,1.0,0.6541,0.486
248.png,True,0.5086,261,59,570,232,318,417,224,192,0.6804,0.5997,0.9726,0.8345,0.9565,154.1,437.5,659.01,0.988,0.9763,0.6659,0.4992,0.7933,0.6574,1.0,1.0,0.6353,0.4655,0.0,0.0
637.png,True,0.7554,3,189,570,263,148,570,128,256,0.7446,0.6108,0.9401,0.7894,0.9558,172.53,298.56,543.38,0.9685,0.939,0.68,0.5152,0.8206,0.6958,0.7698,0.6257,0.653,0.4848,0.5758,0.4043
1165.png,True,0.6876,1,185,566,311,252,570,192,256,0.9066,0.8422,0.9899,0.9145,0.9771,148.13,437.02,656.37,0.9949,0.9898,0.8157,0.6888,0.8203,0.6954,0.8089,0.6792,1.0,1.0,1.0,1.0
1838.png,True,0.8364,1,164,567,292,256,570,192,256,0.9401,0.8926,0.9851,0.9634,0.9865,151.4,412.9,632.17,0.9922,0.9845,0.8779,0.7824,1.0,1.0,0.8972,0.8136,0.8733,0.7752,1.0,1.0
1736.png,True,0.7755,1,123,569,220,193,570,160,256,0.8698,0.7931,0.9792,0.9159,0.9709,156.26,378.47,603.04,0.9893,0.9788,0.6898,0.5265,1.0,1.0,0.7434,0.5916,0.7965,0.6618,1.0,1.0
1322.png,True,0.3656,28,109,555,196,175,570,128,256,0.9515,0.9245,0.9931,0.9612,0.9612,153.42,292.25,510.93,0.9965,0.993,0.7127,0.5537,1.0,1.0,1.0,1.0,1.0,1.0,1.0,1.0
1189.png,True,0.6825,0,147,570,211,128,570,96,256,0.9713,0.9471,0.988,0.9837,0.9918,168.53,223.64,460.74,0.9935,0.9871,0.898,0.815,1.0,1.0,0.9364,0.8804,1.0,1.0,1.0,1.0
1780.png,True,0.5937,1,127,434,190,127,570,96,256,0.8906,0.831,0.9653,0.9362,0.9767,149.5,278.17,496.36,0.9803,0.9613,0.5692,0.3978,0.8851,0.7939,1.0,1.0,0.9089,0.833,1.0,1.0
1173.png,True,0.6653,1,158,566,207,97,570,96,256,0.8455,0.8228,0.9599,0.8437,0.97,251.6,331.93,688.04,0.9766,0.9542,0.1474,0.0796,1.0,1.0,0.9491,0.9031,1.0,1.0,1.0,1.0
1212.png,True,0.5242,0,100,569,196,192,570,160,256,0.7585,0.7295,0.994,0.9638,0.9638,235.41,519.04,843.33,0.997,0.994,0.5538,0.3829,1.0,1.0,1.0,1.0,0.0,0.0,1.0,1.0
277.png,True,0.5196,0,130,567,187,113,570,96,256,0.8806,0.8074,0.9716,0.8641,0.9647,229.47,339.75,655.82,0.9848,0.97,0.7188,0.561,1.0,1.0,0.8472,0.735,0.7327,0.5782,1.0,1.0
333.png,True,0.6741,1,103,570,206,207,570,160,256,0.8729,0.8117,0.981,0.8657,0.9855,253.52,501.28,843.59,0.9899,0.9801,0.792,0.6556,1.0,1.0,0.9404,0.8875,0.5153,0.3471,1.0,1.0
2189.png,True,0.5439,113,128,566,205,153,570,128,256,0.8596,0.7664,0.9605,0.9079,0.9731,229.09,466.43,802.58,0.978,0.957,0.8014,0.6686,1.0,1.0,0.7538,0.6049,0.8188,0.6932,0.8057,0.6746
1164.png,True,0.6996,0,188,563,307,239,570,192,256,0.9242,0.8687,0.9931,0.9291,0.981,238.87,617.31,959.39,0.9965,0.993,0.8797,0.7852,0.8042,0.6725,0.8647,0.7617,1.0,1.0,1.0,1.0
108.png,True,0.3094,265,200,561,244,88,409,64,192,0.8662,0.8085,0.9597,0.9051,0.952,150.95,167.79,386.3,0.9797,0.9602,1.0,1.0,0.7099,0.5503,1.0,1.0,0.5077,0.3402,1.0,1.0
1425.png,True,0.5987,27,170,560,265,191,570,160,256,0.8901,0.8292,0.9833,0.8662,0.9869,148.41,366.87,584.21,0.9909,0.9819,0.8256,0.703,1.0,1.0,0.9278,0.8653,0.5963,0.4248,1.0,1.0
2974.png,True,0.5839,0,173,569,254,161,570,128,256,0.9104,0.8578,0.9812,0.9288,0.9604,151.33,289.17,511.84,0.9903,0.9808,0.7066,0.5463,1.0,1.0,0.7652,0.6197,1.0,1.0,1.0,1.0
1910.png,True,0.5126,1,86,486,143,113,570,96,256,0.743,0.6763,0.9383,0.7637,0.9631,168.55,230.02,468.12,0.9784,0.9577,0.6537,0.4856,0.1114,0.059,0.7144,0.5557,1.0,1.0,1.0,1.0
853.png,True,0.7994,11,127,566,221,188,570,128,256,0.8929,0.8143,0.9662,0.9348,0.9845,150.81,289.01,508.35,0.9832,0.967,0.8252,0.7025,0.855,0.7468,1.0,1.0,0.8611,0.7561,0.8326,0.7132
2928.png,True,0.8853,0,109,568,231,244,570,192,256,0.8589,0.772,0.9744,0.8501,0.9812,170.28,429.14,669.28,0.985,0.9705,0.7646,0.6189,1.0,1.0,0.7706,0.6268,0.9378,0.8828,0.6951,0.5326
2705.png,True,0.5615,3,192,562,261,137,570,96,256,0.7201,0.6482,0.9609,0.7524,0.9381,151.15,224.56,447.36,0.9793,0.9594,0.7088,0.549,0.0,0.0,0.8383,0.7215,1.0,1.0,0.7945,0.6591
402.png,True,0.6811,27,173,557,305,264,570,192,256,0.6929,0.6258,0.9739,0.8605,0.9899,161.28,427.01,668.95,0.9859,0.9721,1.0,1.0,0.8458,0.7328,0.8484,0.7367,0.0,0.0,0.4773,0.3134
170.png,False,0.0,0,0,570,380,380,570,256,256,0.9386,0.9102,0.9996,0.9278,0.9278,150.88,579.48,796.45,0.9998,0.9996,1.0,1.0,1.0,1.0,0.6316,0.4615,1.0,1.0,1.0,1.0
2352.png,True,0.7217,1,134,566,269,271,570,192,256,0.7266,0.6654,0.9774,0.9035,0.9803,155.72,437.15,668.18,0.9889,0.978,0.6062,0.4349,0.8989,0.8164,0.8657,0.7632,0.0,0.0,1.0,1.0
527.png,True,0.6617,126,189,567,277,176,570,128,256,0.6462,0.629,0.9565,0.8063,0.9771,152.98,289.31,511.32,0.9811,0.9629,1.0,1.0,0.8958,0.8113,0.0,0.0,0.0,0.0,1.0,1.0
992.png,True,0.7755,0,108,567,201,185,570,128,256,0.8411,0.7555,0.9767,0.8171,0.9841,151.63,303.2,522.87,0.9881,0.9766,0.7346,0.5805,0.9039,0.8247,0.8731,0.7748,0.547,0.3764,1.0,1.0
794.png,True,0.7671,0,177,568,258,161,570,128,256,0.9507,0.9171,0.9808,0.9537,0.9852,150.84,290.98,509.55,0.9889,0.978,0.7641,0.6183,1.0,1.0,1.0,1.0,0.9509,0.9065,1.0,1.0
2325.png,True,0.7208,13,204,570,284,160,570,128,256,0.7306,0.6613,0.9642,0.7646,0.9659,150.9,304.16,523.42,0.9822,0.9651,0.7842,0.645,0.8113,0.6825,0.806,0.675,0.0,0.0,1.0,1.0
1867.png,False,0.0,0,0,570,380,380,570,256,256,0.9175,0.8689,0.989,0.927,0.9821,156.32,556.47,782.09,0.9945,0.9891,1.0,1.0,0.8282,0.7067,1.0,1.0,0.6822,0.5176,1.0,1.0
2450.png,True,0.5873,0,165,570,236,143,570,96,256,0.9096,0.8493,0.9783,0.9343,0.9861,151.84,225.66,455.11,0.9882,0.9767,0.7176,0.5596,1.0,1.0,0.893,0.8067,0.8588,0.7525,1.0,1.0
1787.png,True,0.4364,3,144,446,191,95,570,64,256,0.8779,0.8331,0.9806,0.8626,0.9767,154.65,168.25,391.31,0.9896,0.9795,0.417,0.2634,1.0,1.0,1.0,1.0,0.861,0.7559,1.0,1.0
1252.png,True,0.8241,0,156,567,281,249,570,192,256,0.9447,0.9007,0.9703,0.9589,0.9917,253.35,617.36,981.5,0.9818,0.9643,0.8349,0.7165,1.0,1.0,0.9207,0.8531,0.9308,0.8705,1.0,1.0
2997.png,True,0.6864,0,101,569,173,144,570,128,256,0.7986,0.7395,0.9711,0.7795,0.9735,246.37,420.57,757.55,0.9842,0.9688,0.6029,0.4316,1.0,1.0,0.9376,0.8826,0.2667,0.1538,1.0,1.0
2231.png,True,0.482,90,176,545,271,191,570,160,256,0.7675,0.6775,0.9831,0.7243,0.9722,236.23,531.8,856.28,0.991,0.9821,0.4507,0.2909,0.9147,0.8429,1.0,1.0,0.7877,0.6497,0.4607,0.2993
2122.png,True,0.4567,183,209,569,256,95,522,64,256,0.6888,0.6075,0.9253,0.705,0.9265,226.18,243.45,554.75,0.9584,0.9201,0.8137,0.6859,0.0,0.0,0.7489,0.5985,0.6117,0.4406,1.0,1.0
1631.png,True,0.6384,0,159,568,226,135,570,96,256,0.7372,0.6754,0.9503,0.9187,0.9793,235.16,346.57,669.0,0.9702,0.9422,0.6782,0.5131,0.0,0.0,0.9159,0.8448,0.8586,0.7522,1.0,1.0
2863.png,True,0.5395,6,112,498,218,212,570,160,256,0.5937,0.4988,0.9794,0.5655,0.9457,244.75,534.01,871.93,0.9895,0.9792,0.7541,0.6052,0.6715,0.5054,0.8368,0.7194,0.3102,0.1835,0.0,0.0
1514.png,True,0.5579,5,196,549,269,145,570,128,256,0.6931,0.6038,0.9473,0.8658,0.9801,179.17,285.5,557.84,0.9713,0.9442,0.8608,0.7556,0.0,0.0,0.8379,0.721,0.8344,0.7159,0.6545,0.4864
774.png,True,0.4233,190,153,563,224,143,511,96,256,0.858,0.7654,0.951,0.875,0.9782,153.57,227.42,458.07,0.9753,0.9517,0.7909,0.6542,0.7877,0.6498,0.8674,0.7659,0.7267,0.5707,1.0,1.0
1004.png,True,0.7224,0,116,568,186,140,570,96,256,0.6246,0.5428,0.9732,0.6091,0.9288,147.92,228.58,448.52,0.9869,0.9742,0.7614,0.6148,0.5429,0.3726,0.456,0.2954,0.0,0.0,1.0,1.0
1207.png,True,0.7562,0,167,569,245,156,570,128,256,0.9212,0.8643,0.9651,0.9446,0.9865,163.69,281.06,513.02,0.9797,0.9602,0.774,0.6313,1.0,1.0,0.8661,0.7638,0.9073,0.8303,1.0,1.0
2521.png,True,0.5117,3,184,559,247,127,570,96,256,0.9183,0.8586,0.9725,0.9186,0.9787,146.88,225.06,444.51,0.9857,0.9718,0.8243,0.7011,1.0,1.0,0.8377,0.7207,0.8624,0.758,1.0,1.0
1457.png,True,0.7618,0,133,570,250,233,570,160,256,0.9427,0.901,0.9777,0.9476,0.9912,169.04,349.19,586.49,0.9862,0.9728,0.776,0.634,1.0,1.0,0.9478,0.9008,0.9463,0.8981,1.0,1.0
1681.png,True,0.5523,3,205,569,302,193,570,160,256,0.8567,0.7772,0.9711,0.8742,0.9753,151.35,350.26,569.62,0.9861,0.9727,0.801,0.6681,0.6934,0.5306,1.0,1.0,0.6595,0.492,1.0,1.0
782.png,True,0.6012,0,149,568,232,167,570,128,256,0.8755,0.8067,0.9704,0.9069,0.9815,148.76,300.75,529.2,0.983,0.9665,0.7031,0.5421,1.0,1.0,0.9218,0.8549,0.6454,0.4764,1.0,1.0
1222.png,True,0.6812,11,111,563,225,228,570,160,256,0.888,0.8306,0.9584,0.8928,0.9676,151.01,367.62,585.74,0.9872,0.9747,1.0,1.0,0.6564,0.4886,1.0,1.0,0.6847,0.5205,1.0,1.0
2669.png,True,0.6688,1,167,568,236,137,570,96,256,0.728,0.6595,0.9463,0.7521,0.9674,155.76,229.23,451.99,0.9752,0.9516,0.7022,0.541,0.0,0.0,0.8586,0.7523,0.8318,0.712,1.0,1.0
182.png,False,0.0,0,0,570,380,380,570,256,256,0.8857,0.8287,0.9969,0.8926,0.9896,151.26,657.91,878.33,0.9984,0.9968,0.5602,0.3891,0.7898,0.6527,1.0,1.0,0.9656,0.9336,1.0,1.0
2127.png,True,0.6467,0,185,568,250,129,570,96,256,0.8901,0.823,0.9738,0.906,0.9604,152.8,236.69,459.19,0.9862,0.9727,0.6554,0.4874,1.0,1.0,0.8695,0.7691,0.8296,0.7089,1.0,1.0
2096.png,True,0.7605,0,125,569,224,199,570,160,256,0.6336,0.5346,0.9601,0.8151,0.9541,163.54,356.76,586.91,0.9788,0.9586,0.6985,0.5367,0.8012,0.6683,0.0,0.0,0.8427,0.7281,0.4802,0.316
1757.png,True,0.6589,1,182,568,270,176,570,128,256,0.8585,0.7777,0.9669,0.9024,0.9742,150.34,300.78,519.23,0.9844,0.9693,0.6963,0.5341,0.7302,0.5751,1.0,1.0,0.7401,0.5875,1.0,1.0
1385.png,True,0.4506,16,79,424,172,185,567,128,256,0.6035,0.5745,0.9928,0.7719,0.9273,157.38,298.85,547.58,0.9964,0.9928,0.6246,0.4541,0.0,0.0,1.0,1.0,0.0,0.0,1.0,1.0
295.png,True,0.4266,1,149,355,260,223,479,160,224,0.8844,0.8162,0.9841,0.9022,0.9627,153.33,387.97,615.77,0.9919,0.9839,0.6412,0.4719,0.8736,0.7755,0.7995,0.6659,1.0,1.0,1.0,1.0
1747.png,True,0.6981,0,161,570,264,207,570,160,256,0.9107,0.8474,0.975,0.9251,0.9852,156.38,353.09,578.8,0.9856,0.9717,0.7354,0.5815,0.9234,0.8578,1.0,1.0,0.9453,0.8963,0.8745,0.777
2921.png,True,0.4772,13,191,462,256,129,570,96,256,0.6031,0.5015,0.9419,0.6193,0.9554,167.51,294.79,533.32,0.9718,0.9451,0.8078,0.6776,0.7978,0.6636,0.6426,0.4734,0.3988,0.2491,0.0,0.0
2566.png,True,0.7035,0,98,567,211,225,570,160,256,0.9523,0.9165,0.99,0.9451,0.9722,228.87,519.79,836.3,0.9948,0.9897,0.8347,0.7162,1.0,1.0,1.0,1.0,0.8844,0.7928,1.0,1.0
2303.png,True,0.7144,0,198,569,280,164,570,128,256,0.9313,0.885,0.98,0.966,0.9843,231.96,409.44,728.75,0.9895,0.9791,0.7939,0.6583,1.0,1.0,0.8044,0.6727,1.0,1.0,1.0,1.0
881.png,True,0.4774,2,141,567,197,112,570,96,256,0.8956,0.8292,0.9661,0.9214,0.9826,243.38,336.28,666.95,0.9808,0.9624,0.7324,0.5778,1.0,1.0,0.9088,0.8328,0.7516,0.602,1.0,1.0
1410.png,True,0.5893,1,54,545,192,261,570,192,256,0.8044,0.6987,0.9732,0.8802,0.9737,233.46,625.69,944.52,0.987,0.9744,0.6137,0.4426,0.782,0.642,1.0,1.0,0.6764,0.511,0.7672,0.6223
1010.png,False,0.0,0,0,570,380,380,570,256,256,0.7939,0.7111,0.9942,0.8797,0.9559,231.53,901.32,1221.7,0.9971,0.9942,0.4558,0.2951,1.0,1.0,1.0,1.0,0.6942,0.5316,0.6165,0.4457
2217.png,True,0.62,0,13,356,240,354,481,256,224,0.6407,0.6017,0.9831,0.8353,0.9685,218.38,557.28,862.03,0.9939,0.9879,0.7044,0.5437,0.0,0.0,1.0,1.0,0.1461,0.0788,1.0,1.0
753.png,True,0.6717,2,161,557,244,167,570,128,256,0.8726,0.7875,0.9623,0.8883,0.9788,157.4,287.17,514.08,0.9787,0.9584,0.8068,0.6762,0.7465,0.5956,0.7856,0.6469,0.9177,0.8478,1.0,1.0
1844.png,True,0.5142,4,221,564,261,80,570,64,256,0.602,0.5711,0.9695,0.9179,0.9227,149.28,164.66,391.94,0.9847,0.9698,0.6273,0.457,1.0,1.0,0.0,0.0,0.0,0.0,1.0,1.0
42.png,True,0.7198,179,103,558,223,240,524,192,256,0.6078,0.5656,0.9692,0.6391,0.9858,153.32,418.51,642.9,0.9831,0.9668,1.0,1.0,0.0,0.0,0.8633,0.7594,0.0,0.0,0.8006,0.6674
1320.png,True,0.4555,22,101,568,200,199,570,160,256,0.7885,0.7439,0.9846,0.808,0.9193,149.94,346.2,566.29,0.9922,0.9845,0.5354,0.3655,0.2037,0.1134,1.0,1.0,1.0,1.0,1.0,1.0
2487.png,True,0.7885,1,129,568,258,257,570,192,256,0.8741,0.7984,0.9828,0.878,0.986,154.14,425.26,646.74,0.9903,0.9809,0.699,0.5372,0.7077,0.5477,0.8753,0.7783,0.9724,0.9463,1.0,1.0
2512.png,True,0.5135,2,173,567,220,95,570,64,256,0.6568,0.5826,0.9381,0.6558,0.9532,150.83,174.47,393.37,0.972,0.9454,0.8114,0.6827,0.7718,0.6284,0.0,0.0,0.3855,0.2388,1.0,1.0
674.png,True,0.6076,168,146,550,237,183,536,128,256,0.9036,0.8408,0.9502,0.9321,0.9841,153.5,305.35,529.01,0.972,0.9456,1.0,1.0,0.6877,0.524,0.8681,0.767,0.8938,0.808,1.0,1.0
449.png,True,0.588,2,82,569,180,196,570,160,256,0.7098,0.6207,0.9724,0.7546,0.9472,150.99,359.01,577.62,0.9891,0.9785,0.7227,0.5658,0.6615,0.4942,0.768,0.6233,0.1175,0.0624,1.0,1.0
1341.png,True,0.6468,0,187,568,282,191,570,160,256,0.7511,0.7024,0.9863,0.9206,0.9716,151.51,355.32,572.9,0.9933,0.9866,0.8278,0.7062,0.0,0.0,1.0,1.0,0.6854,0.5214,1.0,1.0
2696.png,True,0.7019,0,190,570,271,161,570,128,256,0.8736,0.7876,0.9718,0.932,0.9727,153.73,285.53,523.67,0.9847,0.9699,0.8745,0.7769,0.8369,0.7195,0.7827,0.6429,1.0,1.0,0.7628,0.6166
1587.png,True,0.4262,2,154,473,217,127,570,96,256,0.7672,0.6832,0.9749,0.8311,0.9655,167.02,232.79,471.13,0.9887,0.9776,0.5204,0.3517,0.661,0.4936,1.0,1.0,0.433,0.2763,1.0,1.0
1194.png,True,0.7845,2,173,570,247,148,570,128,256,0.9302,0.8787,0.9706,0.9456,0.9826,157.47,288.34,514.25,0.9836,0.9677,0.8173,0.691,1.0,1.0,0.8359,0.7181,0.9447,0.8952,1.0,1.0
2582.png,True,0.4435,123,134,431,207,145,524,128,256,0.6212,0.5531,0.946,0.7995,0.9761,170.26,285.32,525.22,0.9759,0.953,0.0,0.0,0.2865,0.1672,0.8792,0.7845,0.5855,0.4139,1.0,1.0
126.png,True,0.4717,164,186,482,262,152,517,128,256,0.605,0.5584,0.986,0.7929,0.9886,156.14,288.28,513.47,0.9926,0.9853,0.0,0.0,0.9252,0.8608,1.0,1.0,0.6325,0.4625,0.08,0.0417
309.png,True,0.5564,2,58,567,161,207,570,160,256,0.8762,0.8,0.9392,0.8529,0.9544,172.56,353.74,594.57,0.9682,0.9384,0.7557,0.6073,0.6953,0.5329,0.8382,0.7215,1.0,1.0,1.0,1.0
2265.png,True,0.7867,0,42,462,193,269,570,192,256,0.8192,0.7534,0.984,0.828,0.9551,151.34,436.39,656.5,0.9919,0.9838,0.7853,0.6465,0.8286,0.7074,1.0,1.0,1.0,1.0,0.3092,0.1829
1214.png,True,0.5133,194,130,568,213,167,507,128,256,0.7033,0.6467,0.9291,0.8683,0.9711,157.83,407.21,633.39,0.9823,0.9652,0.7297,0.5745,0.5079,0.3404,1.0,1.0,0.0,0.0,1.0,1.0
1978.png,True,0.8003,22,88,567,185,193,570,160,256,0.7466,0.6857,0.9717,0.9564,0.9819,247.69,516.26,850.73,0.9846,0.9696,0.8017,0.669,0.0,0.0,0.7926,0.6564,0.9006,0.8192,1.0,1.0
571.png,True,0.5669,132,206,570,275,137,570,96,256,0.7672,0.7224,0.9836,0.7972,0.9715,231.2,342.8,666.36,0.9915,0.9831,0.7787,0.6377,0.8327,0.7134,1.0,1.0,0.0,0.0,1.0,1.0
2015.png,True,0.7021,9,109,499,188,159,570,128,256,0.6989,0.6169,0.9727,0.8547,0.9752,244.95,426.78,758.38,0.9851,0.9706,0.6301,0.46,0.0,0.0,0.8955,0.8108,0.7867,0.6484,0.8959,0.8114
685.png,True,0.3865,2,157,517,237,160,570,128,256,0.5984,0.4886,0.943,0.5977,0.9337,227.8,411.77,750.32,0.9703,0.9423,0.5363,0.3664,0.6944,0.5319,0.816,0.6892,0.5733,0.4019,0.0,0.0
384.png,True,0.7363,2,164,561,271,215,570,160,256,0.9402,0.8987,0.9907,0.9606,0.9792,256.61,531.55,880.28,0.9953,0.9906,0.7891,0.6517,0.857,0.7498,1.0,1.0,1.0,1.0,1.0,1.0
547.png,True,0.7019,2,173,570,233,120,570,96,256,0.9517,0.9128,0.9719,0.9587,0.9914,246.36,327.01,673.09,0.9827,0.9659,0.848,0.7361,1.0,1.0,0.92,0.8518,0.9598,0.9227,1.0,1.0
1297.png,True,0.3152,0,213,292,263,100,394,96,192,0.9363,0.8948,0.9886,0.9396,0.9845,148.8,212.21,428.77,0.994,0.9881,0.7361,0.5824,0.8877,0.7981,1.0,1.0,1.0,1.0,1.0,1.0
2920.png,True,0.4863,13,192,472,257,129,570,96,256,0.5129,0.396,0.9095,0.5135,0.9243,155.71,236.01,461.33,0.9576,0.9186,0.6204,0.4497,0.5794,0.4079,0.506,0.3387,0.4139,0.261,0.0,0.0
1392.png,True,0.5056,0,106,519,180,148,570,128,256,0.912,0.8643,0.9908,0.8922,0.9554,153.66,287.24,508.96,0.9953,0.9907,0.6269,0.4566,1.0,1.0,0.8495,0.7384,1.0,1.0,1.0,1.0
2590.png,True,0.7018,117,39,417,212,298,510,224,256,0.7871,0.749,0.9788,0.9688,0.9921,156.57,561.09,787.52,0.9895,0.9792,1.0,1.0,0.0,0.0,0.8708,0.7711,0.9465,0.8984,0.9162,0.8453
2795.png,True,0.6538,79,106,566,237,263,570,192,256,0.8781,0.8038,0.9898,0.9177,0.9744,153.3,502.14,726.17,0.9948,0.9896,0.7746,0.6322,1.0,1.0,1.0,1.0,0.7779,0.6365,0.7215,0.5644
2319.png,True,0.6816,0,206,570,284,156,570,128,256,0.9379,0.8963,0.9763,0.9526,0.9864,152.77,292.92,514.89,0.987,0.9743,0.7462,0.5951,1.0,1.0,0.8941,0.8084,1.0,1.0,1.0,1.0
1216.png,True,0.6462,2,118,560,221,207,570,160,256,0.8349,0.7662,0.9727,0.8054,0.9801,152.68,365.6,608.69,0.9883,0.9769,0.4146,0.2615,0.8866,0.7964,1.0,1.0,0.7201,0.5626,1.0,1.0
190.png,True,0.5065,0,77,438,158,161,570,128,256,0.8753,0.7901,0.9811,0.9637,0.9926,155.01,292.02,514.74,0.9907,0.9817,0.871,0.7715,0.8229,0.6991,1.0,1.0,0.785,0.6461,0.7823,0.6425
266.png,True,0.5368,0,131,567,192,121,570,96,256,0.8101,0.7132,0.9683,0.7943,0.9664,149.7,233.0,451.57,0.9849,0.9702,0.7635,0.6175,0.7032,0.5422,0.886,0.7953,0.5227,0.3538,1.0,1.0
959.png,True,0.7052,1,221,570,290,137,570,96,256,0.947,0.9049,0.9773,0.9649,0.9916,154.85,231.51,454.28,0.9868,0.974,0.8383,0.7216,1.0,1.0,0.942,0.8904,0.9151,0.8436,1.0,1.0
1767.png,True,0.7182,53,176,566,291,231,570,160,256,0.861,0.7818,0.941,0.8182,0.9647,149.23,361.24,585.72,0.9718,0.9452,1.0,1.0,0.731,0.576,0.6417,0.4724,0.8214,0.6969,1.0,1.0
283.png,True,0.5407,0,126,567,181,111,570,96,256,0.8884,0.8334,0.9777,0.9334,0.9406,149.7,228.77,444.51,0.9883,0.9769,0.7608,0.6139,1.0,1.0,0.581,0.4095,1.0,1.0,1.0,1.0
2570.png,True,0.6848,1,101,565,209,216,570,160,256,0.9216,0.8723,0.987,0.9173,0.9643,148.2,358.41,572.41,0.9933,0.9867,0.7737,0.6309,1.0,1.0,1.0,1.0,0.7627,0.6164,1.0,1.0
397.png,True,0.7381,2,166,562,271,209,570,160,256,0.9298,0.8838,0.9886,0.9715,0.9801,151.7,353.06,573.61,0.9941,0.9883,0.8253,0.7026,0.7595,0.6122,1.0,1.0,1.0,1.0,1.0,1.0
1897.png,False,0.0,0,0,570,380,380,570,256,256,0.9415,0.9008,0.9941,0.9648,0.9827,163.9,584.87,819.99,0.997,0.994,0.791,0.6542,0.8612,0.7563,1.0,1.0,1.0,1.0,1.0,1.0
1812.png,True,0.5608,171,140,492,224,168,511,128,256,0.6456,0.5841,0.9516,0.7728,0.9738,157.86,303.37,531.24,0.9835,0.9675,0.2527,0.1447,0.8692,0.7687,0.0,0.0,1.0,1.0,0.7684,0.6239
2013.png,True,0.3534,40,147,506,190,87,570,64,256,0.4084,0.3225,0.9139,0.5649,0.8981,153.92,165.33,389.47,0.9584,0.9201,0.0,0.0,0.1346,0.0722,0.694,0.5314,0.2065,0.1151,0.4571,0.2963
1144.png,True,0.7548,2,185,559,299,228,570,160,256,0.9276,0.8733,0.9841,0.95,0.9891,241.44,520.65,833.64,0.9918,0.9837,0.8356,0.7176,0.8954,0.8106,0.8426,0.728,1.0,1.0,1.0,1.0
963.png,True,0.6962,1,219,570,286,135,570,96,256,0.8674,0.8027,0.9619,0.8525,0.9766,232.28,341.47,660.29,0.9777,0.9565,0.7896,0.6523,1.0,1.0,0.9284,0.8664,0.5089,0.3413,1.0,1.0
969.png,True,0.6285,3,234,570,289,111,570,96,256,0.9291,0.8819,0.9777,0.9502,0.965,229.57,326.23,649.68,0.9882,0.9768,0.7907,0.6539,1.0,1.0,0.7955,0.6605,1.0,1.0,1.0,1.0
1850.png,True,0.4206,0,208,552,245,73,570,64,256,0.6052,0.5728,0.9458,0.9185,0.9186,237.58,248.96,573.96,0.9717,0.9449,0.6596,0.4921,0.0,0.0,1.0,1.0,0.0,0.0,1.0,1.0
